"","Name","Link","OverallRating","StartingPrice","DistanceFromCityCentre"
"1","Emblem Hostel Nishiarai","https://www.hostelworld.com/hosteldetails.php/Emblem-Hostel-Nishiarai/Tokyo/102785",9.4,"CA$24.01","             13.3km from city centre          "
"2","Space Hostel Tokyo","https://www.hostelworld.com/hosteldetails.php/Space-Hostel-Tokyo/Tokyo/91519",9.2,"CA$26.41","             9.1km from city centre          "
"3","Planetyze Hostel","https://www.hostelworld.com/hosteldetails.php/Planetyze-Hostel/Tokyo/275223",9,"CA$28.81","             8.5km from city centre          "
"4","Hop Step Inn","https://www.hostelworld.com/hosteldetails.php/Hop-Step-Inn/Tokyo/279329",9.2,"CA$26.41","             8.5km from city centre          "
"5","Uno Ueno","https://www.hostelworld.com/hosteldetails.php/Uno-Ueno/Tokyo/280247",8.9,"CA$28.81","             8.2km from city centre          "
"6","Sakura Hostel Asakusa","https://www.hostelworld.com/hosteldetails.php/Sakura-Hostel-Asakusa/Tokyo/15725",8.9,"CA$28.81","             9.8km from city centre          "
"7","Grids Tokyo Asakusa-Bashi Hotel&Hostel","https://www.hostelworld.com/hosteldetails.php/Grids-Tokyo-Asakusa-Bashi-Hotel-and-Hostel/Tokyo/280284",9.4,"CA$22.61","             8.3km from city centre          "
"8","Oakhostel Cabin","https://www.hostelworld.com/hosteldetails.php/Oakhostel-Cabin/Tokyo/93143",8.7,"CA$25.21","             8.6km from city centre          "
"9","Imano Tokyo Ginza Hostel","https://www.hostelworld.com/hosteldetails.php/Imano-Tokyo-Ginza-Hostel/Tokyo/279367",8.9,"CA$27.61","             7.6km from city centre          "
"10","Hostel bedgasm","https://www.hostelworld.com/hosteldetails.php/Hostel-bedgasm/Tokyo/272463",9.6,"CA$34.81","             9.5km from city centre          "
"11","GRIDS TOKYO AKIHABARA HOTEL&HOSTEL","https://www.hostelworld.com/hosteldetails.php/GRIDS-TOKYO-AKIHABARA-HOTEL-and-HOSTEL/Tokyo/95001",8.9,"CA$28.81","             8km from city centre          "
"12","Bunka Hostel Tokyo","https://www.hostelworld.com/hosteldetails.php/Bunka-Hostel-Tokyo/Tokyo/100416",9,"CA$25.93","             9.5km from city centre          "
"13","Hostel&Café East57 Asakusabashi","https://www.hostelworld.com/hosteldetails.php/HostelCafe-East57-Asakusabashi/Tokyo/277115",8.5,"CA$26.41","             8.7km from city centre          "
"14","Wise Owl Hostels Tokyo","https://www.hostelworld.com/hosteldetails.php/Wise-Owl-Hostels-Tokyo/Tokyo/268185",9.2,"CA$24.01","             7.9km from city centre          "
"15","Sakura Hotel Nippori","https://www.hostelworld.com/hosteldetails.php/Sakura-Hotel-Nippori/Tokyo/277119",9.4,"CA$22.69","             7.8km from city centre          "
"16","Guesthouse Fete","https://www.hostelworld.com/hosteldetails.php/Guesthouse-Fete/Tokyo/263266",9.2,"CA$27.61","             9.7km from city centre          "
"17","Anne Hostel Yokozuna","https://www.hostelworld.com/hosteldetails.php/Anne-Hostel-Yokozuna/Tokyo/91050",9,"CA$21.61","             9.5km from city centre          "
"18","Wise Owl Hostels Shibuya","https://www.hostelworld.com/hosteldetails.php/Wise-Owl-Hostels-Shibuya/Tokyo/275924",9.1,"CA$30.01","             4km from city centre          "
"19","Nui. Hostel & Bar Lounge","https://www.hostelworld.com/hosteldetails.php/Nui-Hostel-and-Bar-Lounge/Tokyo/67481",9.5,"CA$30.01","             9.3km from city centre          "
"20","CITAN Hostel","https://www.hostelworld.com/hosteldetails.php/CITAN-Hostel/Tokyo/274237",9.4,"CA$30.01","             8.1km from city centre          "
"21","Kaisu Hostel","https://www.hostelworld.com/hosteldetails.php/Kaisu-Hostel/Tokyo/98774",9.5,"CA$46.81","             4.4km from city centre          "
"22","Backpackers Hostel K's House Tokyo","https://www.hostelworld.com/hosteldetails.php/Backpackers-Hostel-K-s-House-Tokyo/Tokyo/16019",9.5,"CA$24.61","             9.2km from city centre          "
"23","Anne Hostel Asakusabashi","https://www.hostelworld.com/hosteldetails.php/Anne-Hostel-Asakusabashi/Tokyo/32652",9,"CA$24.01","             8.9km from city centre          "
"24","Unplan Kagurazaka","https://www.hostelworld.com/hosteldetails.php/Unplan-Kagurazaka/Tokyo/265421",9.5,"CA$38.41","             4km from city centre          "
"25","hostel DEN","https://www.hostelworld.com/hosteldetails.php/hostel-DEN/Tokyo/284821",9.3,"CA$29.65","             7.7km from city centre          "
"26","Imano Tokyo Hostel","https://www.hostelworld.com/hosteldetails.php/Imano-Tokyo-Hostel/Tokyo/100620",8.8,"CA$39.61","             1.5km from city centre          "
"27","Hikari House","https://www.hostelworld.com/hosteldetails.php/Hikari-House/Tokyo/101241",8.9,"CA$48.01","             1.4km from city centre          "
"28","Hotel&Hostel On the Marks Tokyo Kawasaki","https://www.hostelworld.com/hosteldetails.php/Hotel-and-Hostel-On-the-Marks-Tokyo-Kawasaki/Tokyo/99126",9.4,"CA$22.81","             18.1km from city centre          "
"29","IRORI Nihonbashi Hostel and Kitchen","https://www.hostelworld.com/hosteldetails.php/IRORI-Nihonbashi-Hostel-and-Kitchen/Tokyo/100932",8,"CA$25.21","             8.3km from city centre          "
"30","Hotel Graphy Nezu","https://www.hostelworld.com/hosteldetails.php/Hotel-Graphy-Nezu/Tokyo/73386",8.7,"CA$21.61","             7.6km from city centre          "
"31","The Millennials Shibuya","https://www.hostelworld.com/hosteldetails.php/The-Millennials-Shibuya/Tokyo/285601",9.7,"CA$96.03","             3.1km from city centre          "
"32","Almond hostel & cafe Shibuya","https://www.hostelworld.com/hosteldetails.php/Almond-hostel-and-cafe-Shibuya/Tokyo/278423",9.1,"CA$34.57","             2.2km from city centre          "
"33","JGH Tokyo","https://www.hostelworld.com/hosteldetails.php/JGH-Tokyo/Tokyo/87951",7.8,"CA$19.63","             13.2km from city centre          "
"34","Khaosan Tokyo Samurai","https://www.hostelworld.com/hosteldetails.php/Khaosan-Tokyo-Samurai/Tokyo/95634",9.1,"CA$30.01","             9.5km from city centre          "
"35","Khaosan Tokyo Kabuki","https://www.hostelworld.com/hosteldetails.php/Khaosan-Tokyo-Kabuki/Tokyo/47084",9.3,"CA$36.01","             9.7km from city centre          "
"36","Khaosan Tokyo Origami","https://www.hostelworld.com/hosteldetails.php/Khaosan-Tokyo-Origami/Tokyo/88794",9.3,"CA$30.01","             10km from city centre          "
"37","AS House (Asakusa Smile)","https://www.hostelworld.com/hosteldetails.php/AS-House-Asakusa-Smile/Tokyo/31305",8,"CA$19.21","             10km from city centre          "
"38","Zabutton Hostel","https://www.hostelworld.com/hosteldetails.php/Zabutton-Hostel/Tokyo/93095",9.1,"CA$34.81","             5.9km from city centre          "
"39","RYOKAN&HOSTEL WASABI Nippori","https://www.hostelworld.com/hosteldetails.php/RYOKANHOSTEL-WASABI-Nippori/Tokyo/88791",9.5,"CA$24.01","             9.1km from city centre          "
"40","Turn Table Hostel","https://www.hostelworld.com/hosteldetails.php/Turn-Table-Hostel/Tokyo/284581",8.8,"CA$54.02","             3.8km from city centre          "
"41","Oakhostel Fuji","https://www.hostelworld.com/hosteldetails.php/Oakhostel-Fuji/Tokyo/265646",8.7,"CA$23.77","             10km from city centre          "
"42","Kikka","https://www.hostelworld.com/hosteldetails.php/Kikka/Tokyo/291488",8.6,"CA$36.01","             8km from city centre          "
"43","GRIDS TOKYO NIHOMBASHI EAST HOTEL&HOSTEL","https://www.hostelworld.com/hosteldetails.php/GRIDS-TOKYO-NIHOMBASHI-EAST-HOTEL-and-HOSTEL/Tokyo/102834",8.7,"CA$28.81","             8.3km from city centre          "
"44","Little Japan","https://www.hostelworld.com/hosteldetails.php/Little-Japan/Tokyo/277898",9,"CA$25.21","             8.5km from city centre          "
"45","UNPLAN Shinjuku","https://www.hostelworld.com/hosteldetails.php/UNPLAN-Shinjuku/Tokyo/294428",9.8,"CA$42.01","             1.8km from city centre          "
"46","Tokyo Hostel Fuji","https://www.hostelworld.com/hosteldetails.php/Tokyo-Hostel-Fuji/Tokyo/271785",9.1,"CA$24.01","             1.6km from city centre          "
"47","Ace Inn Shinjuku","https://www.hostelworld.com/hosteldetails.php/Ace-Inn-Shinjuku/Tokyo/20457",7.5,"CA$26.60","             3km from city centre          "
"48","Quality Hostel K's House Tokyo Oasis","https://www.hostelworld.com/hosteldetails.php/Quality-Hostel-K-s-House-Tokyo-Oasis/Tokyo/38396",9.2,"CA$35.41","             9.6km from city centre          "
"49","Hiromas Hostel in Kanda","https://www.hostelworld.com/hosteldetails.php/Hiromas-Hostel-in-Kanda/Tokyo/276841",7.6,"CA$23.99","             7.6km from city centre          "
"50","&And Hostel Akihabara","https://www.hostelworld.com/hosteldetails.php/-and-And-Hostel-Akihabara/Tokyo/283418",9,"CA$38.41","             7.8km from city centre          "
"51","Playsis East Tokyo","https://www.hostelworld.com/hosteldetails.php/Playsis-East-Tokyo/Tokyo/287001",9.1,"CA$26.41","             10.2km from city centre          "
"52","Obi Hostel","https://www.hostelworld.com/hosteldetails.php/Obi-Hostel/Tokyo/274874",8.2,"CA$24.01","             8.2km from city centre          "
"53","Focus Kuramae","https://www.hostelworld.com/hosteldetails.php/Focus-Kuramae/Tokyo/294343",9.3,"CA$21.61","             9km from city centre          "
"54","Khaosan World Ryogoku Hostel","https://www.hostelworld.com/hosteldetails.php/Khaosan-World-Ryogoku-Hostel/Tokyo/275477",8.9,"CA$27.61","             9.5km from city centre          "
"55","Stayto (former: Oak Hotel)","https://www.hostelworld.com/hosteldetails.php/Stayto-former-Oak-Hotel/Tokyo/53367",8.9,"CA$30.01","             8.7km from city centre          "
"56","Hostel WAQWAQ Tokyo Ueno Asakusa","https://www.hostelworld.com/hosteldetails.php/Hostel-WAQWAQ-Tokyo-Ueno-Asakusa/Tokyo/284498",8.4,"CA$24.82","             9km from city centre          "
"57","Homeikan","https://www.hostelworld.com/hosteldetails.php/Homeikan/Tokyo/1133",8.9,"CA$43.21","             6.3km from city centre          "
"58","Oak Hostel Zen","https://www.hostelworld.com/hosteldetails.php/Oak-Hostel-Zen/Tokyo/85697",8.8,"CA$26.41","             8.8km from city centre          "
"59","Hostel Chapter Two Tokyo","https://www.hostelworld.com/hosteldetails.php/Hostel-Chapter-Two-Tokyo/Tokyo/283855",9.7,"CA$44.41","             9.8km from city centre          "
"60","Khaosan World Asakusa RYOKAN & HOSTEL","https://www.hostelworld.com/hosteldetails.php/Khaosan-World-Asakusa-RYOKAN-and-HOSTEL/Tokyo/79505",8.9,"CA$30.01","             9.5km from city centre          "
"61","Sakura Hotel Ikebukuro","https://www.hostelworld.com/hosteldetails.php/Sakura-Hotel-Ikebukuro/Tokyo/22747",8.4,"CA$28.09","             5.1km from city centre          "
"62","Hostel Pumpkey Tokyo","https://www.hostelworld.com/hosteldetails.php/Hostel-Pumpkey-Tokyo/Tokyo/284499",8.1,"CA$36.01","             2.3km from city centre          "
"63","Train Hostel HOKUTOSEI","https://www.hostelworld.com/hosteldetails.php/Train-Hostel-HOKUTOSEI/Tokyo/272910",8.9,"CA$25.21","             8.3km from city centre          "
"64","Toco Tokyo Heritage Hostel","https://www.hostelworld.com/hosteldetails.php/Toco-Tokyo-Heritage-Hostel/Tokyo/46418",9.4,"CA$36.01","             9.1km from city centre          "
"65","ARTnSHELTER","https://www.hostelworld.com/hosteldetails.php/ARTnSHELTER/Tokyo/101399",8.1,"CA$28.21","             10.5km from city centre          "
"66","Hostel Wahaku Kotobuki","https://www.hostelworld.com/hosteldetails.php/Hostel-Wahaku-Kotobuki/Tokyo/288767",8.3,"CA$27.73","             9.3km from city centre          "
"67","Book And Bed Tokyo Asakusa","https://www.hostelworld.com/hosteldetails.php/Book-And-Bed-Tokyo-Asakusa/Tokyo/281524",9.2,"CA$49.26","             9.6km from city centre          "
"68","Book And Bed Tokyo Ikebukuro","https://www.hostelworld.com/hosteldetails.php/Book-And-Bed-Tokyo-Ikebukuro/Tokyo/264865",8.8,"CA$49.26","             4.9km from city centre          "
"69","bnb+Shinjuku Castle","https://www.hostelworld.com/hosteldetails.php/bnbShinjuku-Castle/Tokyo/282677",8.1,"CA$24.01","             1.3km from city centre          "
"70","Iza Tokyo Asakusa Guesthouse","https://www.hostelworld.com/hosteldetails.php/Iza-Tokyo-Asakusa-Guesthouse/Tokyo/266642",9,"CA$30.01","             9.9km from city centre          "
"71","Guest House Shinagawa-shuku Tokyo","https://www.hostelworld.com/hosteldetails.php/Guest-House-Shinagawa-shuku-Tokyo/Tokyo/38400",9.4,"CA$39.56","             8.7km from city centre          "
"72","Good Diner Inn Copain","https://www.hostelworld.com/hosteldetails.php/Good-Diner-Inn-Copain/Tokyo/269709",9,"CA$42.01","             5.6km from city centre          "
"73","YADOYA Guesthouse Green","https://www.hostelworld.com/hosteldetails.php/YADOYA-Guesthouse-Green/Tokyo/48451",8,"CA$27.61","             2.6km from city centre          "
"74","Ikidane House","https://www.hostelworld.com/hosteldetails.php/Ikidane-House/Tokyo/274006",8.8,"CA$24.01","             8.2km from city centre          "
"75","Tadaima Japan Shinjuku Ryokan","https://www.hostelworld.com/hosteldetails.php/Tadaima-Japan-Shinjuku-Ryokan/Tokyo/284493",8.5,"CA$77.78","             2.8km from city centre          "
"76","The Wardrobe Hostel Record","https://www.hostelworld.com/hosteldetails.php/The-Wardrobe-Hostel-Record/Tokyo/294517",8.4,"CA$30.01","             7.6km from city centre          "
"77","Ikidane House Asakusa Hatago","https://www.hostelworld.com/hosteldetails.php/Ikidane-House-Asakusa-Hatago/Tokyo/285893",9.4,"CA$30.61","             10km from city centre          "
"78","Akihabara Hotel 3000","https://www.hostelworld.com/hosteldetails.php/Akihabara-Hotel-3000/Tokyo/264449",9.8,"CA$25.93","             8km from city centre          "
"79","Jimbocho Sakura Hotel","https://www.hostelworld.com/hosteldetails.php/Jimbocho-Sakura-Hotel/Tokyo/4662",8.3,"CA$25.81","             5.9km from city centre          "
"80","&And Hostel Kanda","https://www.hostelworld.com/hosteldetails.php/-and-And-Hostel-Kanda/Tokyo/289744",7,"CA$21.61","             7.7km from city centre          "
"81","1night1980hostel Tokyo","https://www.hostelworld.com/hosteldetails.php/1night1980hostel-Tokyo/Tokyo/86643",8.1,"CA$25.69","             9.4km from city centre          "
"82","Asakusa Hostel Toukaisou","https://www.hostelworld.com/hosteldetails.php/Asakusa-Hostel-Toukaisou/Tokyo/15493",8.6,"CA$15.00","             9.3km from city centre          "
"83","MyCUBE by MYSTAYS Asakusa-Kuramae","https://www.hostelworld.com/hosteldetails.php/MyCUBE-by-MYSTAYS-Asakusa-Kuramae/Tokyo/272217",7.7,"CA$38.41","             9.2km from city centre          "
"84","Khaosan Tokyo Laboratory","https://www.hostelworld.com/hosteldetails.php/Khaosan-Tokyo-Laboratory/Tokyo/74311",8.1,"CA$31.21","             9.3km from city centre          "
"85","328 Hostel & Lounge","https://www.hostelworld.com/hosteldetails.php/328-Hostel-and-Lounge/Tokyo/90420",9.6,"CA$39.37","             16.5km from city centre          "
"86","Top  Edge Hostel Koenji","https://www.hostelworld.com/hosteldetails.php/Top-Edge-Hostel-Koenji/Tokyo/294355",9.1,"CA$30.01","             4.2km from city centre          "
"87","bnb+Asakusa Kuramae","https://www.hostelworld.com/hosteldetails.php/bnbAsakusa-Kuramae/Tokyo/293759",5.7,"CA$24.01","             9.1km from city centre          "
"88","bnb+Tokyo Tamachi","https://www.hostelworld.com/hosteldetails.php/bnbTokyo-Tamachi/Tokyo/293757",10,"CA$24.01","             7.3km from city centre          "
"89","bnb+Post Town Shinbashi","https://www.hostelworld.com/hosteldetails.php/bnbPost-Town-Shinbashi/Tokyo/293754",8,"CA$24.01","             6.3km from city centre          "
"90","Seven Garden","https://www.hostelworld.com/hosteldetails.php/Seven-Garden/Tokyo/291531",7.4,"CA$40.81","             9.9km from city centre          "
"91","Family & bAKpAK Tokyo Hostel","https://www.hostelworld.com/hosteldetails.php/Family-and-bAKpAK-Tokyo-Hostel/Tokyo/61467",8.4,"CA$21.01","             9.8km from city centre          "
"92","&And Hostel Asakusa Station","https://www.hostelworld.com/hosteldetails.php/-and-And-Hostel-Asakusa-Station/Tokyo/289672",8.6,"CA$35.71","             9.3km from city centre          "
"93","The Wardrobe Hostel Roppongi","https://www.hostelworld.com/hosteldetails.php/The-Wardrobe-Hostel-Roppongi/Tokyo/290768",7.6,"CA$57.62","             4.7km from city centre          "
"94","Capsule Inn Kinshichou","https://www.hostelworld.com/hosteldetails.php/Capsule-Inn-Kinshichou/Tokyo/37256",8,"CA$31.57","             10.9km from city centre          "
"95","Beagle Tokyo Hostel & Apartments","https://www.hostelworld.com/hosteldetails.php/Beagle-Tokyo-Hostel-and-Apartments/Tokyo/281987",9.3,"CA$48.01","             16.1km from city centre          "
"96","Guest House Denchi","https://www.hostelworld.com/hosteldetails.php/Guest-House-Denchi/Tokyo/277899",9.7,"CA$43.21","             9.2km from city centre          "
"97","Tokyo Sumidagawa Youth Hostel","https://www.hostelworld.com/hosteldetails.php/Tokyo-Sumidagawa-Youth-Hostel/Tokyo/56097",9.4,"CA$30.01","             8.9km from city centre          "
"98","Hostel Kura","https://www.hostelworld.com/hosteldetails.php/Hostel-Kura/Tokyo/290681",8,"CA$21.61","             8.8km from city centre          "
"99","Oakhostel Sakura","https://www.hostelworld.com/hosteldetails.php/Oakhostel-Sakura/Tokyo/278014",9,"CA$21.61","             11.3km from city centre          "
"100","TOKYO-W-INN Asakusa","https://www.hostelworld.com/hosteldetails.php/TOKYO-W-INN-Asakusa/Tokyo/281822",9,"CA$21.73","             9.3km from city centre          "
"101","bnb+ Ikebana Okina Yotsuya","https://www.hostelworld.com/hosteldetails.php/bnb-Ikebana-Okina-Yotsuya/Tokyo/282675",9.2,"CA$12003.36","             2.6km from city centre          "
"102","Guesthouse Sensu","https://www.hostelworld.com/hosteldetails.php/Guesthouse-Sensu/Tokyo/275113",9.6,"CA$39.61","             15.7km from city centre          "
"103","Centurion Ladies Hostel Uenopark (Female only)","https://www.hostelworld.com/hosteldetails.php/Centurion-Ladies-Hostel-Uenopark-Female-only/Tokyo/274804",8.6,"CA$30.01","             7.4km from city centre          "
"104","Koenji Junjo Hotel","https://www.hostelworld.com/hosteldetails.php/Koenji-Junjo-Hotel/Tokyo/285896",8.4,"CA$36.01","             3.9km from city centre          "
"105","Juyoh Hotel","https://www.hostelworld.com/hosteldetails.php/Juyoh-Hotel/Tokyo/76168",9,"CA$34.81","             10.7km from city centre          "
"106","Asakusa Ryokan Toukaisou","https://www.hostelworld.com/hosteldetails.php/Asakusa-Ryokan-Toukaisou/Tokyo/11157",8,"CA$43.21","             9.3km from city centre          "
"107","Shimokita Hostel","https://www.hostelworld.com/hosteldetails.php/Shimokita-Hostel/Tokyo/286830",8.1,"CA$48.01","             4km from city centre          "
"108","Lyuro Tokyo Kiyosumi -The Share Hotels-","https://www.hostelworld.com/hosteldetails.php/Lyuro-Tokyo-Kiyosumi-The-Share-Hotels-/Tokyo/277072",8.8,"CA$42.01","             9.1km from city centre          "
"109","Senju Tamuraya","https://www.hostelworld.com/hosteldetails.php/Senju-Tamuraya/Tokyo/290603",9.7,"CA$39.61","             11km from city centre          "
"110","Sukeroku-no-Yado Sadachiyo","https://www.hostelworld.com/hosteldetails.php/Sukeroku-no-Yado-Sadachiyo/Tokyo/29483",10,"CA$98.43","             9.6km from city centre          "
"111","&And Hostel-Asakusa North-","https://www.hostelworld.com/hosteldetails.php/-and-And-Hostel-Asakusa-North-/Tokyo/276202",7.1,"CA$18.01","             10.5km from city centre          "
"112","Hiromas Hostel in Akiba","https://www.hostelworld.com/hosteldetails.php/Hiromas-Hostel-in-Akiba/Tokyo/283389",8.5,"CA$22.81","             7.3km from city centre          "
"113","bnb+TripCommunityTokyo","https://www.hostelworld.com/hosteldetails.php/bnbTripCommunityTokyo/Tokyo/282618",7.1,"CA$24.01","             5.8km from city centre          "
"114","&And Hostel Ueno","https://www.hostelworld.com/hosteldetails.php/-and-And-Hostel-Ueno/Tokyo/278139",10,"CA$31.69","             8.7km from city centre          "
"115","Asakusahotel Wasou","https://www.hostelworld.com/hosteldetails.php/Asakusahotel-Wasou/Tokyo/271945",8.6,"CA$24.01","             9.9km from city centre          "
"116","YADOYA Guesthouse Orange","https://www.hostelworld.com/hosteldetails.php/YADOYA-Guesthouse-Orange/Tokyo/93939",4.9,"CA$24.01","             2.9km from city centre          "
"117","Capsule Value Kanda","https://www.hostelworld.com/hosteldetails.php/Capsule-Value-Kanda/Tokyo/66487",7.1,"CA$36.01","             7.1km from city centre          "
"118","J's Backpackers","https://www.hostelworld.com/hosteldetails.php/J-s-Backpackers/Tokyo/93709",7.4,"CA$24.01","             16.6km from city centre          "
"119","With B","https://www.hostelworld.com/hosteldetails.php/With-B/Tokyo/285883",7.7,"CA$41.41","             8.6km from city centre          "
"120","Edo Tokyo Hostel","https://www.hostelworld.com/hosteldetails.php/Edo-Tokyo-Hostel/Tokyo/272412",6.3,"CA$21.61","             15.8km from city centre          "
"121","Capsule Hotel Anshin Oyado Akihabara","https://www.hostelworld.com/hosteldetails.php/Capsule-Hotel-Anshin-Oyado-Akihabara/Tokyo/281075",8.3,"CA$74.30","             7.2km from city centre          "
"122","Capsule Hotel Anshin Oyado Ogikubo","https://www.hostelworld.com/hosteldetails.php/Capsule-Hotel-Anshin-Oyado-Ogikubo/Tokyo/270313",10,"CA$75.38","             7km from city centre          "
"123","Capsule Hotel Anshin Oyado Shinbashi","https://www.hostelworld.com/hosteldetails.php/Capsule-Hotel-Anshin-Oyado-Shinbashi/Tokyo/281072",8.3,"CA$81.02","             6.6km from city centre          "
"124","Guesthouse Kagaribi","https://www.hostelworld.com/hosteldetails.php/Guesthouse-Kagaribi/Tokyo/273011",9.1,"CA$26.41","             11.8km from city centre          "
"125","Hiromas Hostel in Ueno","https://www.hostelworld.com/hosteldetails.php/Hiromas-Hostel-in-Ueno/Tokyo/286076",9.3,"CA$24.01","             8.7km from city centre          "
"126","Capsule Hotel Anshin Oyado Shinbashi Shiodome","https://www.hostelworld.com/hosteldetails.php/Capsule-Hotel-Anshin-Oyado-Shinbashi-Shiodome/Tokyo/281076",9.1,"CA$82.22","             6.6km from city centre          "
"127","Hisayo's Inn","https://www.hostelworld.com/hosteldetails.php/Hisayo-s-Inn/Tokyo/283587",9.7,"CA$12003.36","             15.7km from city centre          "
"128","Shibamata FU-TEN Bed and Local","https://www.hostelworld.com/hosteldetails.php/Shibamata-FU-TEN-Bed-and-Local/Tokyo/276190",4.9,"CA$36.01","             18.5km from city centre          "
"129","Tokyo House Inn","https://www.hostelworld.com/hosteldetails.php/Tokyo-House-Inn/Tokyo/272913",7.4,"CA$45.61","             1.5km from city centre          "
"130","Oak Hotel Edo","https://www.hostelworld.com/hosteldetails.php/Oak-Hotel-Edo/Tokyo/272749",7.6,"CA$26.41","             9.7km from city centre          "
"131","Japanize Guest House","https://www.hostelworld.com/hosteldetails.php/Japanize-Guest-House/Tokyo/273068",8.1,"CA$22.81","             8.1km from city centre          "
"132","bnb+ Ninja Dojo Ueno","https://www.hostelworld.com/hosteldetails.php/bnb-Ninja-Dojo-Ueno/Tokyo/282676",5,"CA$12003.36","             8km from city centre          "
"133","Grids Kyoto Shijo Kawaramachi Hotel & Hostel","https://www.hostelworld.com/hosteldetails.php/Grids-Kyoto-Shijo-Kawaramachi-Hotel-and-Hostel/Kyoto/286327",9.1,"CA$27.21","             0.8km from city centre          "
"134","Friends Kyo","https://www.hostelworld.com/hosteldetails.php/Friends-Kyo/Kyoto/278444",9.8,"CA$36.01","             1.2km from city centre          "
"135","Kyoto Morris Hostel","https://www.hostelworld.com/hosteldetails.php/Kyoto-Morris-Hostel/Kyoto/276834",9.7,"CA$33.61","             0.5km from city centre          "
"136","Len Kyoto","https://www.hostelworld.com/hosteldetails.php/Len-Kyoto/Kyoto/93521",9.5,"CA$30.01","             1.4km from city centre          "
"137","Backpackers Hostel K's House Kyoto","https://www.hostelworld.com/hosteldetails.php/Backpackers-Hostel-K-s-House-Kyoto/Kyoto/5536",9.2,"CA$21.61","             2.4km from city centre          "
"138","Mosaic Hostel Kyoto","https://www.hostelworld.com/hosteldetails.php/Mosaic-Hostel-Kyoto/Kyoto/270044",9.7,"CA$30.01","             3.7km from city centre          "
"139","The Millennials Kyoto","https://www.hostelworld.com/hosteldetails.php/The-Millennials-Kyoto/Kyoto/280003",9.5,"CA$54.02","             0.5km from city centre          "
"140","Ryokan Hostel Gion","https://www.hostelworld.com/hosteldetails.php/Ryokan-Hostel-Gion/Kyoto/292201",9.7,"CA$36.01","             0.8km from city centre          "
"141","Hostel Ebi","https://www.hostelworld.com/hosteldetails.php/Hostel-Ebi/Kyoto/267244",9.9,"CA$30.01","             1km from city centre          "
"142","Bird Hostel","https://www.hostelworld.com/hosteldetails.php/Bird-Hostel/Kyoto/272216",9.4,"CA$32.41","             1.1km from city centre          "
"143","Piece Hostel Sanjo","https://www.hostelworld.com/hosteldetails.php/Piece-Hostel-Sanjo/Kyoto/94563",9.7,"CA$34.81","             0.5km from city centre          "
"144","Downtown Inn Kyoto","https://www.hostelworld.com/hosteldetails.php/Downtown-Inn-Kyoto/Kyoto/285591",8.5,"CA$12.12","             1.4km from city centre          "
"145","Imano Kyoto Kiyomizu Hostel","https://www.hostelworld.com/hosteldetails.php/Imano-Kyoto-Kiyomizu-Hostel/Kyoto/280270",8.8,"CA$25.60","             1.9km from city centre          "
"146","Centurion Cabin & Spa Kyoto","https://www.hostelworld.com/hosteldetails.php/Centurion-Cabin-and-Spa-Kyoto/Kyoto/267524",8.9,"CA$30.01","             1.1km from city centre          "
"147","Khaosan Kyoto Guest House","https://www.hostelworld.com/hosteldetails.php/Khaosan-Kyoto-Guest-House/Kyoto/45698",8.6,"CA$24.01","             1.1km from city centre          "
"148","R.Star Hostel Kyoto","https://www.hostelworld.com/hosteldetails.php/R-Star-Hostel-Kyoto/Kyoto/283891",9.3,"CA$28.57","             1.8km from city centre          "
"149","J-Hoppers Kyoto Guest House","https://www.hostelworld.com/hosteldetails.php/J-Hoppers-Kyoto-Guest-House/Kyoto/2802",8.8,"CA$22.81","             3.6km from city centre          "
"150","Comics & CapsuleHotel COMICAP kyotoshinkyogoku","https://www.hostelworld.com/hosteldetails.php/Comics-and-CapsuleHotel-COMICAP-kyotoshinkyogoku/Kyoto/275532",9.2,"CA$24.01","             0.7km from city centre          "
"151","Santiago Guesthouse Kyoto","https://www.hostelworld.com/hosteldetails.php/Santiago-Guesthouse-Kyoto/Kyoto/73577",8.8,"CA$15.60","             2km from city centre          "
"152","Guest House Bola-Bola","https://www.hostelworld.com/hosteldetails.php/Guest-House-Bola-Bola/Kyoto/16159",9.3,"CA$32.77","             6.1km from city centre          "
"153","Jiyujin","https://www.hostelworld.com/hosteldetails.php/Jiyujin/Kyoto/46617",9.8,"CA$31.51","             2km from city centre          "
"154","Piece Hostel Kyoto","https://www.hostelworld.com/hosteldetails.php/Piece-Hostel-Kyoto/Kyoto/71823",9.5,"CA$32.41","             3.2km from city centre          "
"155","Gion Ryokan Q-beh","https://www.hostelworld.com/hosteldetails.php/Gion-Ryokan-Q-beh/Kyoto/85973",9.4,"CA$33.61","             1.5km from city centre          "
"156","Gojo Guest House","https://www.hostelworld.com/hosteldetails.php/Gojo-Guest-House/Kyoto/5317",9.4,"CA$24.01","             1.9km from city centre          "
"157","Capsule Resort Kyoto Square","https://www.hostelworld.com/hosteldetails.php/Capsule-Resort-Kyoto-Square/Kyoto/273342",9.4,"CA$38.41","             1.3km from city centre          "
"158","Kyoto Hostel ZEN","https://www.hostelworld.com/hosteldetails.php/Kyoto-Hostel-ZEN/Kyoto/283255",9.6,"CA$36.01","             0.7km from city centre          "
"159","Guest House Kyoto Inn","https://www.hostelworld.com/hosteldetails.php/Guest-House-Kyoto-Inn/Kyoto/272748",9.3,"CA$18.01","             3.3km from city centre          "
"160","Guest House Shiori Ann","https://www.hostelworld.com/hosteldetails.php/Guest-House-Shiori-Ann/Kyoto/82268",9.1,"CA$17.64","             2km from city centre          "
"161","WeBase Kyoto","https://www.hostelworld.com/hosteldetails.php/WeBase-Kyoto/Kyoto/294513",9.3,"CA$36.01","             1.6km from city centre          "
"162","The Lower East Nine Hostel","https://www.hostelworld.com/hosteldetails.php/The-Lower-East-Nine-Hostel/Kyoto/101564",9.1,"CA$35.53","             3.7km from city centre          "
"163","Guest House Renjishi Kabuki","https://www.hostelworld.com/hosteldetails.php/Guest-House-Renjishi-Kabuki/Kyoto/41189",9,"CA$18.01","             2.5km from city centre          "
"164","Hostel Niniroom","https://www.hostelworld.com/hosteldetails.php/Hostel-Niniroom/Kyoto/287080",9.4,"CA$28.09","             1km from city centre          "
"165","Hostel Kyoto Kizuna","https://www.hostelworld.com/hosteldetails.php/Hostel-Kyoto-Kizuna/Kyoto/277793",9.3,"CA$21.61","             2.1km from city centre          "
"166","Tanaka Gokurakudo Guest House","https://www.hostelworld.com/hosteldetails.php/Tanaka-Gokurakudo-Guest-House/Kyoto/280879",9.3,"CA$30.01","             2.7km from city centre          "
"167","Calendar Hotel","https://www.hostelworld.com/hosteldetails.php/Calendar-Hotel/Kyoto/278973",8.8,"CA$11.76","             8.8km from city centre          "
"168","Guest House Ga-Jyun","https://www.hostelworld.com/hosteldetails.php/Guest-House-Ga-Jyun/Kyoto/83262",9.6,"CA$24.01","             1.4km from city centre          "
"169","Kyoto Hana Hostel","https://www.hostelworld.com/hosteldetails.php/Kyoto-Hana-Hostel/Kyoto/41311",8.7,"CA$21.61","             2.5km from city centre          "
"170","GATE80 Kyoto Nijo","https://www.hostelworld.com/hosteldetails.php/GATE80-Kyoto-Nijo/Kyoto/292943",8.5,"CA$20.17","             2.4km from city centre          "
"171","Guest House Hachi","https://www.hostelworld.com/hosteldetails.php/Guest-House-Hachi/Kyoto/279325",9.1,"CA$35.71","             3.2km from city centre          "
"172","Fairfield House","https://www.hostelworld.com/hosteldetails.php/Fairfield-House/Kyoto/102831",9.2,"CA$36.01","             1.9km from city centre          "
"173","RokuRoku","https://www.hostelworld.com/hosteldetails.php/RokuRoku/Kyoto/26033",9.3,"CA$30.01","             2.4km from city centre          "
"174","Tabetoma Nijo Castle","https://www.hostelworld.com/hosteldetails.php/Tabetoma-Nijo-Castle/Kyoto/266320",8.9,"CA$18.01","             1.3km from city centre          "
"175","Nagomi-Ryokan Yuu","https://www.hostelworld.com/hosteldetails.php/Nagomi-Ryokan-Yuu/Kyoto/34703",8.6,"CA$36.61","             2.2km from city centre          "
"176","Stay Inn KOTO","https://www.hostelworld.com/hosteldetails.php/Stay-Inn-KOTO/Kyoto/289683",9.6,"CA$16.20","             4.7km from city centre          "
"177","Grand-Rem Kyoto","https://www.hostelworld.com/hosteldetails.php/Grand-Rem-Kyoto/Kyoto/291158",9.1,"CA$33.61","             0.6km from city centre          "
"178","Hostel Mundo Chiquito","https://www.hostelworld.com/hosteldetails.php/Hostel-Mundo-Chiquito/Kyoto/69888",8.7,"CA$16.80","             1.4km from city centre          "
"179","Peace House Sakura","https://www.hostelworld.com/hosteldetails.php/Peace-House-Sakura/Kyoto/95000",8.1,"CA$15.60","             1.8km from city centre          "
"180","Jam Hostel Kyoto Gion","https://www.hostelworld.com/hosteldetails.php/Jam-Hostel-Kyoto-Gion/Kyoto/59626",7.9,"CA$17.89","             0.9km from city centre          "
"181","The Limelight Kyoto","https://www.hostelworld.com/hosteldetails.php/The-Limelight-Kyoto/Kyoto/291445",10,"CA$21.61","             4.6km from city centre          "
"182","Hostel HARUYA Kyoto","https://www.hostelworld.com/hosteldetails.php/Hostel-HARUYA-Kyoto/Kyoto/56247",8.9,"CA$17.76","             1km from city centre          "
"183","Hostel Mundo","https://www.hostelworld.com/hosteldetails.php/Hostel-Mundo/Kyoto/44507",8.4,"CA$16.80","             2.1km from city centre          "
"184","Guesthouse Soi","https://www.hostelworld.com/hosteldetails.php/Guesthouse-Soi/Kyoto/88132",9.4,"CA$20.41","             2.4km from city centre          "
"185","OKI's Inn","https://www.hostelworld.com/hosteldetails.php/OKI-s-Inn/Kyoto/67365",9.8,"CA$30.01","             1.1km from city centre          "
"186","THE NEXT DOOR lower east nine hostel","https://www.hostelworld.com/hosteldetails.php/THE-NEXT-DOOR-lower-east-nine-hostel/Kyoto/274186",8.2,"CA$35.41","             4km from city centre          "
"187","Kyoto Guesthouse Roujiya","https://www.hostelworld.com/hosteldetails.php/Kyoto-Guesthouse-Roujiya/Kyoto/43979",8.6,"CA$42.01","             2.1km from city centre          "
"188","Book and Bed Tokyo - Kyoto","https://www.hostelworld.com/hosteldetails.php/Book-and-Bed-Tokyo-Kyoto/Kyoto/281168",9,"CA$58.82","             0.9km from city centre          "
"189","Hostel Ginkakuji","https://www.hostelworld.com/hosteldetails.php/Hostel-Ginkakuji/Kyoto/284652",7.9,"CA$12.48","             2.7km from city centre          "
"190","Tomato Kyoto Station","https://www.hostelworld.com/hosteldetails.php/Tomato-Kyoto-Station/Kyoto/30310",7,"CA$18.01","             3.1km from city centre          "
"191","Matcha Backpackers","https://www.hostelworld.com/hosteldetails.php/Matcha-Backpackers/Kyoto/294217",8.7,"CA$30.01","             2.5km from city centre          "
"192","Small World Guesthouse in Kyoto","https://www.hostelworld.com/hosteldetails.php/Small-World-Guesthouse-in-Kyoto/Kyoto/54099",8.3,"CA$19.21","             3.9km from city centre          "
"193","Guest House YULULU","https://www.hostelworld.com/hosteldetails.php/Guest-House-YULULU/Kyoto/79698",9.4,"CA$18.01","             0.5km from city centre          "
"194","Kyoto Hostel Ryokan","https://www.hostelworld.com/hosteldetails.php/Kyoto-Hostel-Ryokan/Kyoto/96223",8.7,"CA$24.01","             4.2km from city centre          "
"195","Kyo To","https://www.hostelworld.com/hosteldetails.php/Kyo-To/Kyoto/280282",9,"CA$21.61","             1.9km from city centre          "
"196","Kyoto Suiden Ann Annex Dormitory-Sui","https://www.hostelworld.com/hosteldetails.php/Kyoto-Suiden-Ann-Annex-Dormitory-Sui/Kyoto/290630",9.3,"CA$31.21","             3.3km from city centre          "
"197","O-yado Sato","https://www.hostelworld.com/hosteldetails.php/O-yado-Sato/Kyoto/35205",8,"CA$46.21","             2.3km from city centre          "
"198","Okara Guesthouse","https://www.hostelworld.com/hosteldetails.php/Okara-Guesthouse/Kyoto/273072",9.6,"CA$22.69","             2.4km from city centre          "
"199","Gojo Guesthouse - Annex","https://www.hostelworld.com/hosteldetails.php/Gojo-Guesthouse-Annex/Kyoto/21128",9.9,"CA$29.41","             1.7km from city centre          "
"200","Ikoi-no-Ie Kyoto","https://www.hostelworld.com/hosteldetails.php/Ikoi-no-Ie-Kyoto/Kyoto/22656",6.7,"CA$31.81","             2.2km from city centre          "
"201","Talbot","https://www.hostelworld.com/hosteldetails.php/Talbot/Kyoto/279095",5.7,"CA$30.01","             29.5km from city centre          "
"202","Guest House Yahata","https://www.hostelworld.com/hosteldetails.php/Guest-House-Yahata/Kyoto/23633",8.7,"CA$30.01","             2km from city centre          "
"203","Kyoto UTANO Youth Hostel","https://www.hostelworld.com/hosteldetails.php/Kyoto-UTANO-Youth-Hostel/Kyoto/30472",8.3,"CA$40.69","             6.4km from city centre          "
"204","Kyoto Tsukiusagi","https://www.hostelworld.com/hosteldetails.php/Kyoto-Tsukiusagi/Kyoto/284531",7.7,"CA$36.01","             8.7km from city centre          "
"205","Mosaic Machiya KSK","https://www.hostelworld.com/hosteldetails.php/Mosaic-Machiya-KSK/Kyoto/277116",8.6,"CA$48.01","             3.5km from city centre          "
"206","FUJITAYA Kyoto","https://www.hostelworld.com/hosteldetails.php/FUJITAYA-Kyoto/Kyoto/264666",7.1,"CA$42.01","             2.6km from city centre          "
"207","Colours","https://www.hostelworld.com/hosteldetails.php/Colours/Kyoto/268233",9.1,"CA$19.21","             1.8km from city centre          "
"208","Kyoto Be Open Hostel","https://www.hostelworld.com/hosteldetails.php/Kyoto-Be-Open-Hostel/Kyoto/281256",6.3,"CA$12003.36","             3.8km from city centre          "
"209","Guest House Hitsuji-An","https://www.hostelworld.com/hosteldetails.php/Guest-House-Hitsuji-An/Kyoto/81381",10,"CA$26.41","             1.3km from city centre          "
"210","Guesthouse Origami","https://www.hostelworld.com/hosteldetails.php/Guesthouse-Origami/Kyoto/93040",7.9,"CA$18.01","             1.7km from city centre          "
"211","You En Me House","https://www.hostelworld.com/hosteldetails.php/You-En-Me-House/Kyoto/77020",6.9,"CA$33.61","             2.4km from city centre          "
"212","Guest House Aoi Nakamoto","https://www.hostelworld.com/hosteldetails.php/Guest-House-Aoi-Nakamoto/Kyoto/279382",9.4,"CA$48.61","             2.5km from city centre          "
"213","Ark Hostel","https://www.hostelworld.com/hosteldetails.php/Ark-Hostel/Osaka/99470",9,"CA$32.41","             1.9km from city centre          "
"214","Hostel Mitsuwaya Osaka","https://www.hostelworld.com/hosteldetails.php/Hostel-Mitsuwaya-Osaka/Osaka/265633",9.5,"CA$38.41","             4.1km from city centre          "
"215","Hostel Bushi","https://www.hostelworld.com/hosteldetails.php/Hostel-Bushi/Osaka/280499",8.6,"CA$23.53","             3.4km from city centre          "
"216","Backstage Osaka Hostel & Bar","https://www.hostelworld.com/hosteldetails.php/Backstage-Osaka-Hostel-and-Bar/Osaka/277734",9.4,"CA$26.41","             4.5km from city centre          "
"217","Guesthouse U-En","https://www.hostelworld.com/hosteldetails.php/Guesthouse-U-En/Osaka/82892",9.4,"CA$27.61","             1.9km from city centre          "
"218","""Bike & Bed"" CharinCo Hostel","https://www.hostelworld.com/hosteldetails.php/Bike-and-Bed-CharinCo-Hostel/Osaka/277946",9.3,"CA$39.61","             2.9km from city centre          "
"219","Tani9 Backpackers Osaka","https://www.hostelworld.com/hosteldetails.php/Tani9-Backpackers-Osaka/Osaka/78777",9.4,"CA$24.01","             4.5km from city centre          "
"220","Osaka Fuku Hostel Namba","https://www.hostelworld.com/hosteldetails.php/Osaka-Fuku-Hostel-Namba/Osaka/102223",9.7,"CA$35.53","             4.5km from city centre          "
"221","The Pax Hostel/Records/More","https://www.hostelworld.com/hosteldetails.php/The-Pax-Hostel-Records-More/Osaka/270406",9.5,"CA$27.61","             6km from city centre          "
"222","Music & Coffee Hostel LnK (LODGING & KIN)","https://www.hostelworld.com/hosteldetails.php/Music-and-Coffee-Hostel-LnK-LODGING-and-KIN/Osaka/277244",9.4,"CA$33.61","             5.6km from city centre          "
"223","Osaka Fuku Hostel Nagomi","https://www.hostelworld.com/hosteldetails.php/Osaka-Fuku-Hostel-Nagomi/Osaka/267285",9.5,"CA$35.53","             4.4km from city centre          "
"224","Honjin Hostel","https://www.hostelworld.com/hosteldetails.php/Honjin-Hostel/Osaka/293740",9.3,"CA$21.61","             4.6km from city centre          "
"225","Backpackers Hotel Toyo Osaka","https://www.hostelworld.com/hosteldetails.php/Backpackers-Hotel-Toyo-Osaka/Osaka/14926",8.6,"CA$18.01","             6.5km from city centre          "
"226","Funtoco Backpackers Namba","https://www.hostelworld.com/hosteldetails.php/Funtoco-Backpackers-Namba/Osaka/272911",9.5,"CA$27.61","             5.5km from city centre          "
"227","Picnic Hostel Osaka","https://www.hostelworld.com/hosteldetails.php/Picnic-Hostel-Osaka/Osaka/273231",9.1,"CA$23.89","             4.4km from city centre          "
"228","Sakura La An","https://www.hostelworld.com/hosteldetails.php/Sakura-La-An/Osaka/267485",9.4,"CA$34.81","             1.2km from city centre          "
"229","J-Hoppers Osaka Guesthouse","https://www.hostelworld.com/hosteldetails.php/J-Hoppers-Osaka-Guesthouse/Osaka/24780",9.4,"CA$27.61","             1.9km from city centre          "
"230","Osaka Guesthouse Hive","https://www.hostelworld.com/hosteldetails.php/Osaka-Guesthouse-Hive/Osaka/264049",8.2,"CA$27.61","             1.3km from city centre          "
"231","Khaosan World Namba","https://www.hostelworld.com/hosteldetails.php/Khaosan-World-Namba/Osaka/265731",8.7,"CA$25.21","             4.5km from city centre          "
"232","Osaka Hana Hostel","https://www.hostelworld.com/hosteldetails.php/Osaka-Hana-Hostel/Osaka/64662",9.4,"CA$30.61","             3.7km from city centre          "
"233","The Blend Inn","https://www.hostelworld.com/hosteldetails.php/The-Blend-Inn/Osaka/276969",9.7,"CA$27.61","             4.5km from city centre          "
"234","HOSTEL WASABI Osaka Bed with Library","https://www.hostelworld.com/hosteldetails.php/HOSTEL-WASABI-Osaka-Bed-with-Library/Osaka/273847",9.1,"CA$18.01","             4.5km from city centre          "
"235","Ikidane House Namba","https://www.hostelworld.com/hosteldetails.php/Ikidane-House-Namba/Osaka/282683",9,"CA$18.01","             6.5km from city centre          "
"236","Osaka Guesthouse SUN","https://www.hostelworld.com/hosteldetails.php/Osaka-Guesthouse-SUN/Osaka/264047",9.2,"CA$27.61","             4.3km from city centre          "
"237","Hostel 64 Osaka","https://www.hostelworld.com/hosteldetails.php/Hostel-64-Osaka/Osaka/41264",9.2,"CA$32.41","             3.4km from city centre          "
"238","Osaka Guesthouse Sakura","https://www.hostelworld.com/hosteldetails.php/Osaka-Guesthouse-Sakura/Osaka/267513",9,"CA$30.01","             0.9km from city centre          "
"239","STAY in the City AMEMURA","https://www.hostelworld.com/hosteldetails.php/STAY-in-the-City-AMEMURA/Osaka/291840",8.9,"CA$41.48","             3.9km from city centre          "
"240","Air Osaka Hostel","https://www.hostelworld.com/hosteldetails.php/Air-Osaka-Hostel/Osaka/96425",8.8,"CA$19.21","             9.7km from city centre          "
"241","Osaka GuestHouse KOMA","https://www.hostelworld.com/hosteldetails.php/Osaka-GuestHouse-KOMA/Osaka/36405",8.8,"CA$18.01","             4.4km from city centre          "
"242","Guest House Matsu","https://www.hostelworld.com/hosteldetails.php/Guest-House-Matsu/Osaka/277737",9.3,"CA$22.81","             7.4km from city centre          "
"243","Hostel Ebisutei Souzou with Sake Bar","https://www.hostelworld.com/hosteldetails.php/Hostel-Ebisutei-Souzou-with-Sake-Bar/Osaka/283661",7.7,"CA$14.40","             5.6km from city centre          "
"244","Hostel Rakutsuki","https://www.hostelworld.com/hosteldetails.php/Hostel-Rakutsuki/Osaka/277945",9,"CA$22.21","             4.7km from city centre          "
"245","Peace House Suzunami","https://www.hostelworld.com/hosteldetails.php/Peace-House-Suzunami/Osaka/272564",8.1,"CA$14.40","             6.4km from city centre          "
"246","Drop Inn Osaka","https://www.hostelworld.com/hosteldetails.php/Drop-Inn-Osaka/Osaka/89585",9.1,"CA$33.07","             1.4km from city centre          "
"247","Imano Osaka Shinsaibashi Hostel","https://www.hostelworld.com/hosteldetails.php/Imano-Osaka-Shinsaibashi-Hostel/Osaka/294059",9.4,"CA$18.68","             3.8km from city centre          "
"248","Roots Hostel","https://www.hostelworld.com/hosteldetails.php/Roots-Hostel/Osaka/274185",8.9,"CA$36.01","             3.1km from city centre          "
"249","Osaka Namba Hostel MIYABI","https://www.hostelworld.com/hosteldetails.php/Osaka-Namba-Hostel-MIYABI/Osaka/278391",8.7,"CA$20.41","             5km from city centre          "
"250","The Dorm Hostel Osaka","https://www.hostelworld.com/hosteldetails.php/The-Dorm-Hostel-Osaka/Osaka/271739",9.5,"CA$45.61","             3.6km from city centre          "
"251","Khaosan World Tennoji Hostel","https://www.hostelworld.com/hosteldetails.php/Khaosan-World-Tennoji-Hostel/Osaka/275476",8.6,"CA$27.61","             6.6km from city centre          "
"252","Kintetsu Friendly Hostel -Osaka Tennoji Park-","https://www.hostelworld.com/hosteldetails.php/Kintetsu-Friendly-Hostel-Osaka-Tennoji-Park-/Osaka/270600",9.3,"CA$23.77","             6.5km from city centre          "
"253","Hostel Enisia Namba","https://www.hostelworld.com/hosteldetails.php/Hostel-Enisia-Namba/Osaka/281159",9.3,"CA$36.01","             4.3km from city centre          "
"254","Hostel Chillout","https://www.hostelworld.com/hosteldetails.php/Hostel-Chillout/Osaka/266787",9,"CA$27.85","             4.3km from city centre          "
"255","Guesthouse HetoGep","https://www.hostelworld.com/hosteldetails.php/Guesthouse-HetoGep/Osaka/280502",9.3,"CA$30.01","             4.5km from city centre          "
"256","Sun Village Tsuruhashi","https://www.hostelworld.com/hosteldetails.php/Sun-Village-Tsuruhashi/Osaka/289670",8.4,"CA$18.01","             5.1km from city centre          "
"257","Idocoro","https://www.hostelworld.com/hosteldetails.php/Idocoro/Osaka/280512",7,"CA$21.01","             2.2km from city centre          "
"258","Very Hostel Namba","https://www.hostelworld.com/hosteldetails.php/Very-Hostel-Namba/Osaka/275642",9.5,"CA$30.01","             4.9km from city centre          "
"259","Home Hostel Osaka","https://www.hostelworld.com/hosteldetails.php/Home-Hostel-Osaka/Osaka/276140",9.6,"CA$32.41","             6.2km from city centre          "
"260","J-Hoppers Osaka Universal","https://www.hostelworld.com/hosteldetails.php/J-Hoppers-Osaka-Universal/Osaka/264538",9.1,"CA$29.71","             6.4km from city centre          "
"261","Guest House Onoya","https://www.hostelworld.com/hosteldetails.php/Guest-House-Onoya/Osaka/279355",9.7,"CA$24.01","             3.3km from city centre          "
"262","Hostel Jin","https://www.hostelworld.com/hosteldetails.php/Hostel-Jin/Osaka/274869",9.6,"CA$30.01","             4.3km from city centre          "
"263","New World Inn","https://www.hostelworld.com/hosteldetails.php/New-World-Inn/Osaka/276006",8.2,"CA$20.41","             6.5km from city centre          "
"264","Beehive Hostel Osaka","https://www.hostelworld.com/hosteldetails.php/Beehive-Hostel-Osaka/Osaka/265783",9.4,"CA$34.81","             3.4km from city centre          "
"265","Hostel Q","https://www.hostelworld.com/hosteldetails.php/Hostel-Q/Osaka/82301",8.4,"CA$34.81","             4.2km from city centre          "
"266","Bon Hostel","https://www.hostelworld.com/hosteldetails.php/Bon-Hostel/Osaka/293171",10,"CA$24.71","             5.6km from city centre          "
"267","Shell Nell namba","https://www.hostelworld.com/hosteldetails.php/Shell-Nell-namba/Osaka/270314",8.7,"CA$12003.36","             4.8km from city centre          "
"268","Dotombori Base","https://www.hostelworld.com/hosteldetails.php/Dotombori-Base/Osaka/279121",8,"CA$21.61","             4.3km from city centre          "
"269","Peace House Showa","https://www.hostelworld.com/hosteldetails.php/Peace-House-Showa/Osaka/37275",8.6,"CA$14.40","             6.8km from city centre          "
"270","iloha Hostel Namba Shinsaibashi","https://www.hostelworld.com/hosteldetails.php/iloha-Hostel-Namba-Shinsaibashi/Osaka/280023",8.7,"CA$36.01","             3.7km from city centre          "
"271","Umbrella House Osaka","https://www.hostelworld.com/hosteldetails.php/Umbrella-House-Osaka/Osaka/272905",8,"CA$27.61","             8.5km from city centre          "
"272","Qoo Hostel Osaka","https://www.hostelworld.com/hosteldetails.php/Qoo-Hostel-Osaka/Osaka/293350",8.3,"CA$21.61","             5.5km from city centre          "
"273","Osaka Guesthouse Nest","https://www.hostelworld.com/hosteldetails.php/Osaka-Guesthouse-Nest/Osaka/271107",9.5,"CA$18.01","             6.7km from city centre          "
"274","Bonsai Guest House","https://www.hostelworld.com/hosteldetails.php/Bonsai-Guest-House/Osaka/41901",9.1,"CA$21.61","             5.9km from city centre          "
"275","Peace House Sachi","https://www.hostelworld.com/hosteldetails.php/Peace-House-Sachi/Osaka/82354",9.1,"CA$14.40","             6.5km from city centre          "
"276","White Hostel Shinsaibashi","https://www.hostelworld.com/hosteldetails.php/White-Hostel-Shinsaibashi/Osaka/290594",8.9,"CA$28.81","             3.8km from city centre          "
"277","Peace House Abeno","https://www.hostelworld.com/hosteldetails.php/Peace-House-Abeno/Osaka/272406",9.1,"CA$14.40","             6.9km from city centre          "
"278","Osaka Hostel Kai","https://www.hostelworld.com/hosteldetails.php/Osaka-Hostel-Kai/Osaka/272906",8.6,"CA$31.21","             2.8km from city centre          "
"279","Hostel J Culture 168","https://www.hostelworld.com/hosteldetails.php/Hostel-J-Culture-168/Osaka/280272",9.4,"CA$36.01","             5.3km from city centre          "
"280","Shin-Osaka Tomato Guest House","https://www.hostelworld.com/hosteldetails.php/Shin-Osaka-Tomato-Guest-House/Osaka/78230",8.3,"CA$17.40","             1.9km from city centre          "
"281","Casa Macondo","https://www.hostelworld.com/hosteldetails.php/Casa-Macondo/Osaka/282626",8.7,"CA$26.41","             5km from city centre          "
"282","Hostel ViAGGiO","https://www.hostelworld.com/hosteldetails.php/Hostel-ViAGGiO/Osaka/277736",8,"CA$26.41","             5.1km from city centre          "
"283","Sun Village Tamatsukuri","https://www.hostelworld.com/hosteldetails.php/Sun-Village-Tamatsukuri/Osaka/289669",8.9,"CA$19.21","             4.8km from city centre          "
"284","Guesthouse Morizou Female only","https://www.hostelworld.com/hosteldetails.php/Guesthouse-Morizou-Female-only/Osaka/100428",8.9,"CA$24.01","             3.7km from city centre          "
"285","Hostel moku-moku","https://www.hostelworld.com/hosteldetails.php/Hostel-moku-moku/Osaka/267155",8.9,"CA$42.01","             4km from city centre          "
"286","Hotel Sun`Plaza 2","https://www.hostelworld.com/hosteldetails.php/Hotel-SunPlaza-2/Osaka/31113",7.9,"CA$12.60","             6.5km from city centre          "
"287","Capsule Hotel Asahi Plaza Shinsaibashi","https://www.hostelworld.com/hosteldetails.php/Capsule-Hotel-Asahi-Plaza-Shinsaibashi/Osaka/31163",9.3,"CA$36.01","             4km from city centre          "
"288","Hotel Taiyo","https://www.hostelworld.com/hosteldetails.php/Hotel-Taiyo/Osaka/8135",7.7,"CA$18.01","             6.5km from city centre          "
"289","Ken's House","https://www.hostelworld.com/hosteldetails.php/Ken-s-House/Osaka/99778",7.7,"CA$24.01","             4.7km from city centre          "
"290","B&S Eco Cube Shinsaibashi","https://www.hostelworld.com/hosteldetails.php/B-and-S-Eco-Cube-Shinsaibashi/Osaka/75085",8,"CA$31.21","             4km from city centre          "
"291","Bonfire Hostel Osaka","https://www.hostelworld.com/hosteldetails.php/Bonfire-Hostel-Osaka/Osaka/267245",9,"CA$21.37","             9.5km from city centre          "
"292","Guesthouse Fujitatami","https://www.hostelworld.com/hosteldetails.php/Guesthouse-Fujitatami/Osaka/279735",9.6,"CA$33.01","             26.6km from city centre          "
"293","Hotel Shin-Imamiya","https://www.hostelworld.com/hosteldetails.php/Hotel-Shin-Imamiya/Osaka/270649",7.1,"CA$20.17","             6.3km from city centre          "
"294","Goen Lounge&Stay","https://www.hostelworld.com/hosteldetails.php/Goen-LoungeStay/Osaka/271766",9.4,"CA$23.77","             18.2km from city centre          "
"295","Shin-Osaka Youth Hostel","https://www.hostelworld.com/hosteldetails.php/Shin-Osaka-Youth-Hostel/Osaka/32470",8.9,"CA$38.41","             2.8km from city centre          "
"296","Senba Hostel","https://www.hostelworld.com/hosteldetails.php/Senba-Hostel/Osaka/264539",4,"CA$42.01","             3.2km from city centre          "
"297","Coco Hostel Osaka","https://www.hostelworld.com/hosteldetails.php/Coco-Hostel-Osaka/Osaka/275063",7.7,"CA$25.21","             4.7km from city centre          "
"298","Poly Hostel 2 Namba","https://www.hostelworld.com/hosteldetails.php/Poly-Hostel-2-Namba/Osaka/285600",10,"CA$24.01","             4.8km from city centre          "
"299","Guesthouse Siam","https://www.hostelworld.com/hosteldetails.php/Guesthouse-Siam/Osaka/274872",8.3,"CA$36.01","             5.9km from city centre          "
"300","Hotel Raizan South","https://www.hostelworld.com/hosteldetails.php/Hotel-Raizan-South/Osaka/11757",9.4,"CA$24.01","             6.5km from city centre          "
"301","Lore Hostel Dontonbori","https://www.hostelworld.com/hosteldetails.php/Lore-Hostel-Dontonbori/Osaka/280280",8.3,"CA$15.60","             4.3km from city centre          "
"302","Music Uni Street Backpackers Hostel","https://www.hostelworld.com/hosteldetails.php/Music-Uni-Street-Backpackers-Hostel/Osaka/274850",8.9,"CA$35.65","             6km from city centre          "
"303","Hostel Namba Takumi","https://www.hostelworld.com/hosteldetails.php/Hostel-Namba-Takumi/Osaka/287035",7.4,"CA$24.01","             4.6km from city centre          "
"304","Osaka International Youth Hostel","https://www.hostelworld.com/hosteldetails.php/Osaka-International-Youth-Hostel/Osaka/34777",6.3,"CA$34.57","             20.3km from city centre          "
"305","Osaka Guest House DOYA","https://www.hostelworld.com/hosteldetails.php/Osaka-Guest-House-DOYA/Osaka/291266",8,"CA$15.00","             6.8km from city centre          "
"306","YADOKARI Namba Hostel","https://www.hostelworld.com/hosteldetails.php/YADOKARI-Namba-Hostel/Osaka/275473",9.7,"CA$30.00","             4.7km from city centre          "
"307","Daikoku Hostel","https://www.hostelworld.com/hosteldetails.php/Daikoku-Hostel/Osaka/82106",8,"CA$33.61","             5.8km from city centre          "
"308","Hostel AI","https://www.hostelworld.com/hosteldetails.php/Hostel-AI/Osaka/265533",2,"CA$12003.36","             5.3km from city centre          "
"309","Backpackers Hostel K's House Hiroshima","https://www.hostelworld.com/hosteldetails.php/Backpackers-Hostel-K-s-House-Hiroshima/Hiroshima/30699",9.2,"CA$31.21","             1.9km from city centre          "
"310","Santiago Guesthouse Hiroshima","https://www.hostelworld.com/hosteldetails.php/Santiago-Guesthouse-Hiroshima/Hiroshima/100757",8.6,"CA$24.01","             0.7km from city centre          "
"311","Guesthouse Hiroshima Mange Tak","https://www.hostelworld.com/hosteldetails.php/Guesthouse-Hiroshima-Mange-Tak/Hiroshima/280498",9.3,"CA$36.01","             1.4km from city centre          "
"312","Hostel Mallika","https://www.hostelworld.com/hosteldetails.php/Hostel-Mallika/Hiroshima/282405",9.2,"CA$26.41","             0.7km from city centre          "
"313","Hiroshima Hostel EN","https://www.hostelworld.com/hosteldetails.php/Hiroshima-Hostel-EN/Hiroshima/278400",9.4,"CA$32.41","             2.6km from city centre          "
"314","J-Hoppers Hiroshima Guesthouse","https://www.hostelworld.com/hosteldetails.php/J-Hoppers-Hiroshima-Guesthouse/Hiroshima/18498",9.1,"CA$27.61","             1.1km from city centre          "
"315","The Evergreen Hostel","https://www.hostelworld.com/hosteldetails.php/The-Evergreen-Hostel/Hiroshima/267883",8.9,"CA$24.01","             1.5km from city centre          "
"316","Guest House Roku","https://www.hostelworld.com/hosteldetails.php/Guest-House-Roku/Hiroshima/87086",9.3,"CA$34.81","             2.7km from city centre          "
"317","Simple Stay Peacepark","https://www.hostelworld.com/hosteldetails.php/Simple-Stay-Peacepark/Hiroshima/291156",7.8,"CA$21.61","             0.7km from city centre          "
"318","Omotenashi Hostel Miyajima","https://www.hostelworld.com/hosteldetails.php/Omotenashi-Hostel-Miyajima/Hiroshima/265780",9.4,"CA$30.01","             13.5km from city centre          "
"319","Hostel & Cafe Bar Backpackers Miyajima","https://www.hostelworld.com/hosteldetails.php/Hostel-and-Cafe-Bar-Backpackers-Miyajima/Hiroshima/31705",9.5,"CA$34.81","             16.1km from city centre          "
"320","Hiroshima Hana Hostel","https://www.hostelworld.com/hosteldetails.php/Hiroshima-Hana-Hostel/Hiroshima/29371",8.7,"CA$27.61","             2.4km from city centre          "
"321","Hostel Kawate-ya","https://www.hostelworld.com/hosteldetails.php/Hostel-Kawate-ya/Hiroshima/294244",9.4,"CA$30.01","             1.8km from city centre          "
"322","SUMIYA Spa & Hotel","https://www.hostelworld.com/hosteldetails.php/SUMIYA-Spa-and-Hotel/Hiroshima/290888",8.6,"CA$42.01","             1.9km from city centre          "
"323","Hostel & Powder Room Crane(female only)","https://www.hostelworld.com/hosteldetails.php/Hostel-and-Powder-Room-Crane-female-only/Hiroshima/290060",9.9,"CA$32.00","             1.1km from city centre          "
"324","Hiroshima Fans Hostel","https://www.hostelworld.com/hosteldetails.php/Hiroshima-Fans-Hostel/Hiroshima/290926",10,"CA$36.01","             16.2km from city centre          "
"325","Common de Hostel & Bar","https://www.hostelworld.com/hosteldetails.php/Common-de-Hostel-and-Bar/Fukuoka/285851",9.3,"CA$37.81","             0km from city centre          "
"326","& And Hostel","https://www.hostelworld.com/hosteldetails.php/-and-And-Hostel/Fukuoka/269759",9.1,"CA$31.69","             0km from city centre          "
"327","THE LIFE hostel & bar lounge","https://www.hostelworld.com/hosteldetails.php/THE-LIFE-hostel-and-bar-lounge/Fukuoka/276460",9,"CA$28.57","             0km from city centre          "
"328","Fukuoka Hana Hostel","https://www.hostelworld.com/hosteldetails.php/Fukuoka-Hana-Hostel/Fukuoka/71709",9.1,"CA$30.01","             0km from city centre          "
"329","Ark Blue Hotel","https://www.hostelworld.com/hosteldetails.php/Ark-Blue-Hotel/Fukuoka/279903",9.1,"CA$33.61","             0km from city centre          "
"330","Hakozaki Garden Guesthouse","https://www.hostelworld.com/hosteldetails.php/Hakozaki-Garden-Guesthouse/Fukuoka/292872",9.6,"CA$29.77","             0km from city centre          "
"331","WeBase HAKATA","https://www.hostelworld.com/hosteldetails.php/WeBase-HAKATA/Fukuoka/279321",9.1,"CA$38.96","             0km from city centre          "
"332","Fukuoka Backpackers Hostel","https://www.hostelworld.com/hosteldetails.php/Fukuoka-Backpackers-Hostel/Fukuoka/18592",8.3,"CA$27.61","             0km from city centre          "
"333","Kia Ora Budgetstay","https://www.hostelworld.com/hosteldetails.php/Kia-Ora-Budgetstay/Fukuoka/73617",8.8,"CA$31.21","             0km from city centre          "
"334","Hostel TOKI","https://www.hostelworld.com/hosteldetails.php/Hostel-TOKI/Fukuoka/286150",9.6,"CA$33.61","             0km from city centre          "
"335","Tonagi Hostel × Cafe","https://www.hostelworld.com/hosteldetails.php/Tonagi-Hostel-Cafe/Fukuoka/268336",8.3,"CA$30.01","             0km from city centre          "
"336","Hostel Stand By Me","https://www.hostelworld.com/hosteldetails.php/Hostel-Stand-By-Me/Fukuoka/281155",8.7,"CA$60.02","             0km from city centre          "
"337","B&C Gakubuchi","https://www.hostelworld.com/hosteldetails.php/B-and-C-Gakubuchi/Fukuoka/290680",9.5,"CA$48.01","             0km from city centre          "
"338","Fukuoka Guesthouse Little Asia Kokura","https://www.hostelworld.com/hosteldetails.php/Fukuoka-Guesthouse-Little-Asia-Kokura/Fukuoka/85975",7.1,"CA$24.01","             0km from city centre          "
"339","Bed Stock","https://www.hostelworld.com/hosteldetails.php/Bed-Stock/Fukuoka/282684",7.7,"CA$28.81","             0km from city centre          "
"340","The Gate Hostel","https://www.hostelworld.com/hosteldetails.php/The-Gate-Hostel/Fukuoka/291890",8.7,"CA$17.76","             0km from city centre          "
"341","Trip Pod Fukuoka - snack & bed -","https://www.hostelworld.com/hosteldetails.php/Trip-Pod-Fukuoka-snack-and-bed-/Fukuoka/290589",9.1,"CA$39.61","             0km from city centre          "
"342","Guest House Hokorobi","https://www.hostelworld.com/hosteldetails.php/Guest-House-Hokorobi/Fukuoka/82863",9.4,"CA$28.81","             0km from city centre          "
"343","Book And Bed Tokyo Fukuoka","https://www.hostelworld.com/hosteldetails.php/Book-And-Bed-Tokyo-Fukuoka/Fukuoka/281397",7.1,"CA$51.85","             0km from city centre          "
"344","Norishico Auto Guesthouse","https://www.hostelworld.com/hosteldetails.php/Norishico-Auto-Guesthouse/Fukuoka/271584",10,"CA$33.61","             0km from city centre          "
"345","HATAGO tenjin","https://www.hostelworld.com/hosteldetails.php/HATAGO-tenjin/Fukuoka/278000",7.1,"CA$30.01","             0km from city centre          "
"346","Guest House Kaine","https://www.hostelworld.com/hosteldetails.php/Guest-House-Kaine/Fukuoka/32566",9,"CA$30.01","             0km from city centre          "
"347","Harborside Guest House MINATO","https://www.hostelworld.com/hosteldetails.php/Harborside-Guest-House-MINATO/Fukuoka/273884",9.1,"CA$30.01","             0km from city centre          "
