"","hostelName","hostelLink","minPrice","location"
"1","Emblem Hostel Nishiarai","https://www.hostelworld.com/hosteldetails.php/Emblem-Hostel-Nishiarai/Tokyo/102785","CA$23.96","             13.3km from city centre          "
"2","Space Hostel Tokyo","https://www.hostelworld.com/hosteldetails.php/Space-Hostel-Tokyo/Tokyo/91519","CA$26.36","             9.1km from city centre          "
"3","Planetyze Hostel","https://www.hostelworld.com/hosteldetails.php/Planetyze-Hostel/Tokyo/275223","CA$28.75","             8.5km from city centre          "
"4","Hop Step Inn","https://www.hostelworld.com/hosteldetails.php/Hop-Step-Inn/Tokyo/279329","CA$26.36","             8.5km from city centre          "
"5","Uno Ueno","https://www.hostelworld.com/hosteldetails.php/Uno-Ueno/Tokyo/280247","CA$28.75","             8.2km from city centre          "
"6","Sakura Hostel Asakusa","https://www.hostelworld.com/hosteldetails.php/Sakura-Hostel-Asakusa/Tokyo/15725","CA$28.75","             9.8km from city centre          "
"7","Grids Tokyo Asakusa-Bashi Hotel&Hostel","https://www.hostelworld.com/hosteldetails.php/Grids-Tokyo-Asakusa-Bashi-Hotel-and-Hostel/Tokyo/280284","CA$22.57","             8.3km from city centre          "
"8","Oakhostel Cabin","https://www.hostelworld.com/hosteldetails.php/Oakhostel-Cabin/Tokyo/93143","CA$25.16","             8.6km from city centre          "
"9","Imano Tokyo Ginza Hostel","https://www.hostelworld.com/hosteldetails.php/Imano-Tokyo-Ginza-Hostel/Tokyo/279367","CA$27.55","             7.6km from city centre          "
"10","Hostel bedgasm","https://www.hostelworld.com/hosteldetails.php/Hostel-bedgasm/Tokyo/272463","CA$34.74","             9.5km from city centre          "
"11","GRIDS TOKYO AKIHABARA HOTEL&HOSTEL","https://www.hostelworld.com/hosteldetails.php/GRIDS-TOKYO-AKIHABARA-HOTEL-and-HOSTEL/Tokyo/95001","CA$28.75","             8km from city centre          "
"12","Bunka Hostel Tokyo","https://www.hostelworld.com/hosteldetails.php/Bunka-Hostel-Tokyo/Tokyo/100416","CA$25.88","             9.5km from city centre          "
"13","Hostel&Café East57 Asakusabashi","https://www.hostelworld.com/hosteldetails.php/HostelCafe-East57-Asakusabashi/Tokyo/277115","CA$26.36","             8.7km from city centre          "
"14","Wise Owl Hostels Tokyo","https://www.hostelworld.com/hosteldetails.php/Wise-Owl-Hostels-Tokyo/Tokyo/268185","CA$23.96","             7.9km from city centre          "
"15","Sakura Hotel Nippori","https://www.hostelworld.com/hosteldetails.php/Sakura-Hotel-Nippori/Tokyo/277119","CA$22.64","             7.8km from city centre          "
"16","Guesthouse Fete","https://www.hostelworld.com/hosteldetails.php/Guesthouse-Fete/Tokyo/263266","CA$27.55","             9.7km from city centre          "
"17","Anne Hostel Yokozuna","https://www.hostelworld.com/hosteldetails.php/Anne-Hostel-Yokozuna/Tokyo/91050","CA$21.56","             9.5km from city centre          "
"18","Wise Owl Hostels Shibuya","https://www.hostelworld.com/hosteldetails.php/Wise-Owl-Hostels-Shibuya/Tokyo/275924","CA$29.95","             4km from city centre          "
"19","Nui. Hostel & Bar Lounge","https://www.hostelworld.com/hosteldetails.php/Nui-Hostel-and-Bar-Lounge/Tokyo/67481","CA$29.95","             9.3km from city centre          "
"20","CITAN Hostel","https://www.hostelworld.com/hosteldetails.php/CITAN-Hostel/Tokyo/274237","CA$29.95","             8.1km from city centre          "
"21","Kaisu Hostel","https://www.hostelworld.com/hosteldetails.php/Kaisu-Hostel/Tokyo/98774","CA$46.72","             4.4km from city centre          "
"22","Backpackers Hostel K's House Tokyo","https://www.hostelworld.com/hosteldetails.php/Backpackers-Hostel-K-s-House-Tokyo/Tokyo/16019","CA$24.56","             9.2km from city centre          "
"23","Anne Hostel Asakusabashi","https://www.hostelworld.com/hosteldetails.php/Anne-Hostel-Asakusabashi/Tokyo/32652","CA$23.96","             8.9km from city centre          "
"24","Unplan Kagurazaka","https://www.hostelworld.com/hosteldetails.php/Unplan-Kagurazaka/Tokyo/265421","CA$38.33","             4km from city centre          "
"25","hostel DEN","https://www.hostelworld.com/hosteldetails.php/hostel-DEN/Tokyo/284821","CA$29.59","             7.7km from city centre          "
"26","Imano Tokyo Hostel","https://www.hostelworld.com/hosteldetails.php/Imano-Tokyo-Hostel/Tokyo/100620","CA$39.53","             1.5km from city centre          "
"27","Hikari House","https://www.hostelworld.com/hosteldetails.php/Hikari-House/Tokyo/101241","CA$47.92","             1.4km from city centre          "
"28","Hotel&Hostel On the Marks Tokyo Kawasaki","https://www.hostelworld.com/hosteldetails.php/Hotel-and-Hostel-On-the-Marks-Tokyo-Kawasaki/Tokyo/99126","CA$22.76","             18.1km from city centre          "
"29","IRORI Nihonbashi Hostel and Kitchen","https://www.hostelworld.com/hosteldetails.php/IRORI-Nihonbashi-Hostel-and-Kitchen/Tokyo/100932","CA$25.16","             8.3km from city centre          "
"30","Hotel Graphy Nezu","https://www.hostelworld.com/hosteldetails.php/Hotel-Graphy-Nezu/Tokyo/73386","CA$21.56","             7.6km from city centre          "
"31","The Millennials Shibuya","https://www.hostelworld.com/hosteldetails.php/The-Millennials-Shibuya/Tokyo/285601","CA$95.84","             3.1km from city centre          "
"32","Almond hostel & cafe Shibuya","https://www.hostelworld.com/hosteldetails.php/Almond-hostel-and-cafe-Shibuya/Tokyo/278423","CA$34.50","             2.2km from city centre          "
"33","JGH Tokyo","https://www.hostelworld.com/hosteldetails.php/JGH-Tokyo/Tokyo/87951","CA$19.59","             13.2km from city centre          "
"34","Khaosan Tokyo Samurai","https://www.hostelworld.com/hosteldetails.php/Khaosan-Tokyo-Samurai/Tokyo/95634","CA$29.95","             9.5km from city centre          "
"35","Khaosan Tokyo Kabuki","https://www.hostelworld.com/hosteldetails.php/Khaosan-Tokyo-Kabuki/Tokyo/47084","CA$35.94","             9.7km from city centre          "
"36","Khaosan Tokyo Origami","https://www.hostelworld.com/hosteldetails.php/Khaosan-Tokyo-Origami/Tokyo/88794","CA$29.95","             10km from city centre          "
"37","AS House (Asakusa Smile)","https://www.hostelworld.com/hosteldetails.php/AS-House-Asakusa-Smile/Tokyo/31305","CA$19.17","             10km from city centre          "
"38","Zabutton Hostel","https://www.hostelworld.com/hosteldetails.php/Zabutton-Hostel/Tokyo/93095","CA$34.74","             5.9km from city centre          "
"39","RYOKAN&HOSTEL WASABI Nippori","https://www.hostelworld.com/hosteldetails.php/RYOKANHOSTEL-WASABI-Nippori/Tokyo/88791","CA$23.96","             9.1km from city centre          "
"40","Turn Table Hostel","https://www.hostelworld.com/hosteldetails.php/Turn-Table-Hostel/Tokyo/284581","CA$53.91","             3.8km from city centre          "
"41","Oakhostel Fuji","https://www.hostelworld.com/hosteldetails.php/Oakhostel-Fuji/Tokyo/265646","CA$23.72","             10km from city centre          "
"42","Kikka","https://www.hostelworld.com/hosteldetails.php/Kikka/Tokyo/291488","CA$35.94","             8km from city centre          "
"43","GRIDS TOKYO NIHOMBASHI EAST HOTEL&HOSTEL","https://www.hostelworld.com/hosteldetails.php/GRIDS-TOKYO-NIHOMBASHI-EAST-HOTEL-and-HOSTEL/Tokyo/102834","CA$28.75","             8.3km from city centre          "
"44","Little Japan","https://www.hostelworld.com/hosteldetails.php/Little-Japan/Tokyo/277898","CA$25.16","             8.5km from city centre          "
"45","UNPLAN Shinjuku","https://www.hostelworld.com/hosteldetails.php/UNPLAN-Shinjuku/Tokyo/294428","CA$41.93","             1.8km from city centre          "
"46","Tokyo Hostel Fuji","https://www.hostelworld.com/hosteldetails.php/Tokyo-Hostel-Fuji/Tokyo/271785","CA$23.96","             1.6km from city centre          "
"47","Ace Inn Shinjuku","https://www.hostelworld.com/hosteldetails.php/Ace-Inn-Shinjuku/Tokyo/20457","CA$26.55","             3km from city centre          "
"48","Quality Hostel K's House Tokyo Oasis","https://www.hostelworld.com/hosteldetails.php/Quality-Hostel-K-s-House-Tokyo-Oasis/Tokyo/38396","CA$35.34","             9.6km from city centre          "
"49","Hiromas Hostel in Kanda","https://www.hostelworld.com/hosteldetails.php/Hiromas-Hostel-in-Kanda/Tokyo/276841","CA$23.95","             7.6km from city centre          "
"50","&And Hostel Akihabara","https://www.hostelworld.com/hosteldetails.php/-and-And-Hostel-Akihabara/Tokyo/283418","CA$38.33","             7.8km from city centre          "
"51","Playsis East Tokyo","https://www.hostelworld.com/hosteldetails.php/Playsis-East-Tokyo/Tokyo/287001","CA$26.36","             10.2km from city centre          "
"52","Obi Hostel","https://www.hostelworld.com/hosteldetails.php/Obi-Hostel/Tokyo/274874","CA$23.96","             8.2km from city centre          "
"53","Focus Kuramae","https://www.hostelworld.com/hosteldetails.php/Focus-Kuramae/Tokyo/294343","CA$21.56","             9km from city centre          "
"54","Khaosan World Ryogoku Hostel","https://www.hostelworld.com/hosteldetails.php/Khaosan-World-Ryogoku-Hostel/Tokyo/275477","CA$27.55","             9.5km from city centre          "
"55","Stayto (former: Oak Hotel)","https://www.hostelworld.com/hosteldetails.php/Stayto-former-Oak-Hotel/Tokyo/53367","CA$29.95","             8.7km from city centre          "
"56","Hostel WAQWAQ Tokyo Ueno Asakusa","https://www.hostelworld.com/hosteldetails.php/Hostel-WAQWAQ-Tokyo-Ueno-Asakusa/Tokyo/284498","CA$24.77","             9km from city centre          "
"57","Homeikan","https://www.hostelworld.com/hosteldetails.php/Homeikan/Tokyo/1133","CA$43.13","             6.3km from city centre          "
"58","Oak Hostel Zen","https://www.hostelworld.com/hosteldetails.php/Oak-Hostel-Zen/Tokyo/85697","CA$26.36","             8.8km from city centre          "
"59","Hostel Chapter Two Tokyo","https://www.hostelworld.com/hosteldetails.php/Hostel-Chapter-Two-Tokyo/Tokyo/283855","CA$44.32","             9.8km from city centre          "
"60","Khaosan World Asakusa RYOKAN & HOSTEL","https://www.hostelworld.com/hosteldetails.php/Khaosan-World-Asakusa-RYOKAN-and-HOSTEL/Tokyo/79505","CA$29.95","             9.5km from city centre          "
"61","Sakura Hotel Ikebukuro","https://www.hostelworld.com/hosteldetails.php/Sakura-Hotel-Ikebukuro/Tokyo/22747","CA$28.03","             5.1km from city centre          "
"62","Hostel Pumpkey Tokyo","https://www.hostelworld.com/hosteldetails.php/Hostel-Pumpkey-Tokyo/Tokyo/284499","CA$35.94","             2.3km from city centre          "
"63","Train Hostel HOKUTOSEI","https://www.hostelworld.com/hosteldetails.php/Train-Hostel-HOKUTOSEI/Tokyo/272910","CA$25.16","             8.3km from city centre          "
"64","Toco Tokyo Heritage Hostel","https://www.hostelworld.com/hosteldetails.php/Toco-Tokyo-Heritage-Hostel/Tokyo/46418","CA$35.94","             9.1km from city centre          "
"65","ARTnSHELTER","https://www.hostelworld.com/hosteldetails.php/ARTnSHELTER/Tokyo/101399","CA$28.15","             10.5km from city centre          "
"66","Hostel Wahaku Kotobuki","https://www.hostelworld.com/hosteldetails.php/Hostel-Wahaku-Kotobuki/Tokyo/288767","CA$27.67","             9.3km from city centre          "
"67","Book And Bed Tokyo Asakusa","https://www.hostelworld.com/hosteldetails.php/Book-And-Bed-Tokyo-Asakusa/Tokyo/281524","CA$49.16","             9.6km from city centre          "
"68","Book And Bed Tokyo Ikebukuro","https://www.hostelworld.com/hosteldetails.php/Book-And-Bed-Tokyo-Ikebukuro/Tokyo/264865","CA$49.16","             4.9km from city centre          "
"69","bnb+Shinjuku Castle","https://www.hostelworld.com/hosteldetails.php/bnbShinjuku-Castle/Tokyo/282677","CA$23.96","             1.3km from city centre          "
"70","Iza Tokyo Asakusa Guesthouse","https://www.hostelworld.com/hosteldetails.php/Iza-Tokyo-Asakusa-Guesthouse/Tokyo/266642","CA$29.95","             9.9km from city centre          "
"71","Guest House Shinagawa-shuku Tokyo","https://www.hostelworld.com/hosteldetails.php/Guest-House-Shinagawa-shuku-Tokyo/Tokyo/38400","CA$39.48","             8.7km from city centre          "
"72","Good Diner Inn Copain","https://www.hostelworld.com/hosteldetails.php/Good-Diner-Inn-Copain/Tokyo/269709","CA$41.93","             5.6km from city centre          "
"73","YADOYA Guesthouse Green","https://www.hostelworld.com/hosteldetails.php/YADOYA-Guesthouse-Green/Tokyo/48451","CA$27.55","             2.6km from city centre          "
"74","Ikidane House","https://www.hostelworld.com/hosteldetails.php/Ikidane-House/Tokyo/274006","CA$23.96","             8.2km from city centre          "
"75","Tadaima Japan Shinjuku Ryokan","https://www.hostelworld.com/hosteldetails.php/Tadaima-Japan-Shinjuku-Ryokan/Tokyo/284493","CA$77.63","             2.8km from city centre          "
"76","The Wardrobe Hostel Record","https://www.hostelworld.com/hosteldetails.php/The-Wardrobe-Hostel-Record/Tokyo/294517","CA$29.95","             7.6km from city centre          "
"77","Ikidane House Asakusa Hatago","https://www.hostelworld.com/hosteldetails.php/Ikidane-House-Asakusa-Hatago/Tokyo/285893","CA$30.55","             10km from city centre          "
"78","Akihabara Hotel 3000","https://www.hostelworld.com/hosteldetails.php/Akihabara-Hotel-3000/Tokyo/264449","CA$25.88","             8km from city centre          "
"79","Jimbocho Sakura Hotel","https://www.hostelworld.com/hosteldetails.php/Jimbocho-Sakura-Hotel/Tokyo/4662","CA$25.76","             5.9km from city centre          "
"80","&And Hostel Kanda","https://www.hostelworld.com/hosteldetails.php/-and-And-Hostel-Kanda/Tokyo/289744","CA$21.56","             7.7km from city centre          "
"81","1night1980hostel Tokyo","https://www.hostelworld.com/hosteldetails.php/1night1980hostel-Tokyo/Tokyo/86643","CA$25.64","             9.4km from city centre          "
"82","Asakusa Hostel Toukaisou","https://www.hostelworld.com/hosteldetails.php/Asakusa-Hostel-Toukaisou/Tokyo/15493","CA$14.97","             9.3km from city centre          "
"83","MyCUBE by MYSTAYS Asakusa-Kuramae","https://www.hostelworld.com/hosteldetails.php/MyCUBE-by-MYSTAYS-Asakusa-Kuramae/Tokyo/272217","CA$38.33","             9.2km from city centre          "
"84","Khaosan Tokyo Laboratory","https://www.hostelworld.com/hosteldetails.php/Khaosan-Tokyo-Laboratory/Tokyo/74311","CA$31.15","             9.3km from city centre          "
"85","328 Hostel & Lounge","https://www.hostelworld.com/hosteldetails.php/328-Hostel-and-Lounge/Tokyo/90420","CA$39.29","             16.5km from city centre          "
"86","Top  Edge Hostel Koenji","https://www.hostelworld.com/hosteldetails.php/Top-Edge-Hostel-Koenji/Tokyo/294355","CA$29.95","             4.2km from city centre          "
"87","bnb+Asakusa Kuramae","https://www.hostelworld.com/hosteldetails.php/bnbAsakusa-Kuramae/Tokyo/293759","CA$23.96","             9.1km from city centre          "
"88","Comfybed Azabujuban","https://www.hostelworld.com/hosteldetails.php/Comfybed-Azabujuban/Tokyo/293813","CA$75.47","             5.8km from city centre          "
"89","Comfybed Yoyogi","https://www.hostelworld.com/hosteldetails.php/Comfybed-Yoyogi/Tokyo/293959","CA$62.77","             0.8km from city centre          "
"90","bnb+Tokyo Tamachi","https://www.hostelworld.com/hosteldetails.php/bnbTokyo-Tamachi/Tokyo/293757","CA$23.96","             7.3km from city centre          "
"91","bnb+Post Town Shinbashi","https://www.hostelworld.com/hosteldetails.php/bnbPost-Town-Shinbashi/Tokyo/293754","CA$23.96","             6.3km from city centre          "
"92","Seven Garden","https://www.hostelworld.com/hosteldetails.php/Seven-Garden/Tokyo/291531","CA$40.73","             9.9km from city centre          "
"93","bnb+Secret Base Mejiro","https://www.hostelworld.com/hosteldetails.php/bnbSecret-Base-Mejiro/Tokyo/293751","CA$23.96","             3.8km from city centre          "
"94","bnb+Kanda Terrace Ogawamachi","https://www.hostelworld.com/hosteldetails.php/bnbKanda-Terrace-Ogawamachi/Tokyo/293752","CA$23.96","             6.6km from city centre          "
"95","The Micro Museum Hostel","https://www.hostelworld.com/hosteldetails.php/The-Micro-Museum-Hostel/Tokyo/294856","CA$29.95","             8.9km from city centre          "
"96","bnb+Asakusa Hostel","https://www.hostelworld.com/hosteldetails.php/bnbAsakusa-Hostel/Tokyo/293758","CA$23.96","             9.1km from city centre          "
"97","Family & bAKpAK Tokyo Hostel","https://www.hostelworld.com/hosteldetails.php/Family-and-bAKpAK-Tokyo-Hostel/Tokyo/61467","CA$20.96","             9.8km from city centre          "
"98","&And Hostel Asakusa Station","https://www.hostelworld.com/hosteldetails.php/-and-And-Hostel-Asakusa-Station/Tokyo/289672","CA$35.64","             9.3km from city centre          "
"99","The Wardrobe Hostel Roppongi","https://www.hostelworld.com/hosteldetails.php/The-Wardrobe-Hostel-Roppongi/Tokyo/290768","CA$57.50","             4.7km from city centre          "
"100","Capsule Inn Kinshichou","https://www.hostelworld.com/hosteldetails.php/Capsule-Inn-Kinshichou/Tokyo/37256","CA$31.51","             10.9km from city centre          "
"101","Beagle Tokyo Hostel & Apartments","https://www.hostelworld.com/hosteldetails.php/Beagle-Tokyo-Hostel-and-Apartments/Tokyo/281987","CA$47.92","             16.1km from city centre          "
"102","Guest House Denchi","https://www.hostelworld.com/hosteldetails.php/Guest-House-Denchi/Tokyo/277899","CA$43.13","             9.2km from city centre          "
"103","Tokyo Sumidagawa Youth Hostel","https://www.hostelworld.com/hosteldetails.php/Tokyo-Sumidagawa-Youth-Hostel/Tokyo/56097","CA$29.95","             8.9km from city centre          "
"104","Hostel Kura","https://www.hostelworld.com/hosteldetails.php/Hostel-Kura/Tokyo/290681","CA$21.56","             8.8km from city centre          "
"105","Oakhostel Sakura","https://www.hostelworld.com/hosteldetails.php/Oakhostel-Sakura/Tokyo/278014","CA$21.56","             11.3km from city centre          "
"106","TOKYO-W-INN Asakusa","https://www.hostelworld.com/hosteldetails.php/TOKYO-W-INN-Asakusa/Tokyo/281822","CA$21.68","             9.3km from city centre          "
"107","bnb+ Ikebana Okina Yotsuya","https://www.hostelworld.com/hosteldetails.php/bnb-Ikebana-Okina-Yotsuya/Tokyo/282675","CA$11979.64","             2.6km from city centre          "
"108","Guesthouse Sensu","https://www.hostelworld.com/hosteldetails.php/Guesthouse-Sensu/Tokyo/275113","CA$39.53","             15.7km from city centre          "
"109","Centurion Ladies Hostel Uenopark (Female only)","https://www.hostelworld.com/hosteldetails.php/Centurion-Ladies-Hostel-Uenopark-Female-only/Tokyo/274804","CA$29.95","             7.4km from city centre          "
"110","Koenji Junjo Hotel","https://www.hostelworld.com/hosteldetails.php/Koenji-Junjo-Hotel/Tokyo/285896","CA$35.94","             3.9km from city centre          "
"111","Juyoh Hotel","https://www.hostelworld.com/hosteldetails.php/Juyoh-Hotel/Tokyo/76168","CA$34.74","             10.7km from city centre          "
"112","Ryoma Ikebukuro I","https://www.hostelworld.com/hosteldetails.php/Ryoma-Ikebukuro-I/Tokyo/286220","CA$45.52","             5.5km from city centre          "
"113","Asakusa Ryokan Toukaisou","https://www.hostelworld.com/hosteldetails.php/Asakusa-Ryokan-Toukaisou/Tokyo/11157","CA$43.13","             9.3km from city centre          "
"114","Shimokita Hostel","https://www.hostelworld.com/hosteldetails.php/Shimokita-Hostel/Tokyo/286830","CA$47.92","             4km from city centre          "
"115","Lyuro Tokyo Kiyosumi -The Share Hotels-","https://www.hostelworld.com/hosteldetails.php/Lyuro-Tokyo-Kiyosumi-The-Share-Hotels-/Tokyo/277072","CA$41.93","             9.1km from city centre          "
"116","Senju Tamuraya","https://www.hostelworld.com/hosteldetails.php/Senju-Tamuraya/Tokyo/290603","CA$39.53","             11km from city centre          "
"117","Sukeroku-no-Yado Sadachiyo","https://www.hostelworld.com/hosteldetails.php/Sukeroku-no-Yado-Sadachiyo/Tokyo/29483","CA$98.23","             9.6km from city centre          "
"118","&And Hostel-Asakusa North-","https://www.hostelworld.com/hosteldetails.php/-and-And-Hostel-Asakusa-North-/Tokyo/276202","CA$17.97","             10.5km from city centre          "
"119","Hiromas Hostel in Akiba","https://www.hostelworld.com/hosteldetails.php/Hiromas-Hostel-in-Akiba/Tokyo/283389","CA$22.76","             7.3km from city centre          "
"120","bnb+TripCommunityTokyo","https://www.hostelworld.com/hosteldetails.php/bnbTripCommunityTokyo/Tokyo/282618","CA$23.96","             5.8km from city centre          "
"121","&And Hostel Ueno","https://www.hostelworld.com/hosteldetails.php/-and-And-Hostel-Ueno/Tokyo/278139","CA$31.63","             8.7km from city centre          "
"122","Asakusahotel Wasou","https://www.hostelworld.com/hosteldetails.php/Asakusahotel-Wasou/Tokyo/271945","CA$23.96","             9.9km from city centre          "
"123","YADOYA Guesthouse Orange","https://www.hostelworld.com/hosteldetails.php/YADOYA-Guesthouse-Orange/Tokyo/93939","CA$23.96","             2.9km from city centre          "
"124","Capsule Value Kanda","https://www.hostelworld.com/hosteldetails.php/Capsule-Value-Kanda/Tokyo/66487","CA$35.94","             7.1km from city centre          "
"125","J's Backpackers","https://www.hostelworld.com/hosteldetails.php/J-s-Backpackers/Tokyo/93709","CA$23.96","             16.6km from city centre          "
"126","With B","https://www.hostelworld.com/hosteldetails.php/With-B/Tokyo/285883","CA$41.33","             8.6km from city centre          "
"127","Edo Tokyo Hostel","https://www.hostelworld.com/hosteldetails.php/Edo-Tokyo-Hostel/Tokyo/272412","CA$21.56","             15.8km from city centre          "
"128","Capsule Hotel Anshin Oyado Akihabara","https://www.hostelworld.com/hosteldetails.php/Capsule-Hotel-Anshin-Oyado-Akihabara/Tokyo/281075","CA$74.15","             7.2km from city centre          "
"129","Capsule Hotel Anshin Oyado Ogikubo","https://www.hostelworld.com/hosteldetails.php/Capsule-Hotel-Anshin-Oyado-Ogikubo/Tokyo/270313","CA$75.23","             7km from city centre          "
"130","Capsule Hotel Anshin Oyado Shinbashi","https://www.hostelworld.com/hosteldetails.php/Capsule-Hotel-Anshin-Oyado-Shinbashi/Tokyo/281072","CA$80.86","             6.6km from city centre          "
"131","Guesthouse Kagaribi","https://www.hostelworld.com/hosteldetails.php/Guesthouse-Kagaribi/Tokyo/273011","CA$26.36","             11.8km from city centre          "
"132","Hiromas Hostel in Ueno","https://www.hostelworld.com/hosteldetails.php/Hiromas-Hostel-in-Ueno/Tokyo/286076","CA$23.96","             8.7km from city centre          "
"133","Capsule Hotel Anshin Oyado Shinbashi Shiodome","https://www.hostelworld.com/hosteldetails.php/Capsule-Hotel-Anshin-Oyado-Shinbashi-Shiodome/Tokyo/281076","CA$82.06","             6.6km from city centre          "
"134","Hisayo's Inn","https://www.hostelworld.com/hosteldetails.php/Hisayo-s-Inn/Tokyo/283587","CA$11979.64","             15.7km from city centre          "
"135","Shibamata FU-TEN Bed and Local","https://www.hostelworld.com/hosteldetails.php/Shibamata-FU-TEN-Bed-and-Local/Tokyo/276190","CA$35.94","             18.5km from city centre          "
"136","Tokyo House Inn","https://www.hostelworld.com/hosteldetails.php/Tokyo-House-Inn/Tokyo/272913","CA$45.52","             1.5km from city centre          "
"137","bnb+ Costeln Akiba(Female only)","https://www.hostelworld.com/hosteldetails.php/bnb-Costeln-Akiba-Female-only/Tokyo/282620","CA$23.96","             7.8km from city centre          "
"138","Oak Hotel Edo","https://www.hostelworld.com/hosteldetails.php/Oak-Hotel-Edo/Tokyo/272749","CA$26.36","             9.7km from city centre          "
"139","Japan Hostel Shinya Tokkyu","https://www.hostelworld.com/hosteldetails.php/Japan-Hostel-Shinya-Tokkyu/Tokyo/291182","CA$38.33","             13.9km from city centre          "
"140","Tokyo Hutte","https://www.hostelworld.com/hosteldetails.php/Tokyo-Hutte/Tokyo/266636","CA$35.94","             11.3km from city centre          "
"141","Asakusa Central Hotel","https://www.hostelworld.com/hosteldetails.php/Asakusa-Central-Hotel/Tokyo/12220","CA$77.87","             9.6km from city centre          "
"142","Japanize Guest House","https://www.hostelworld.com/hosteldetails.php/Japanize-Guest-House/Tokyo/273068","CA$22.76","             8.1km from city centre          "
"143","Hotel Boston Club","https://www.hostelworld.com/hosteldetails.php/Hotel-Boston-Club/Tokyo/96427","CA$59.30","             9.3km from city centre          "
"144","Hoshi Kai Kan","https://www.hostelworld.com/hosteldetails.php/Hoshi-Kai-Kan/Tokyo/54783","CA$37.14","             8.3km from city centre          "
"145","Tamanoi Hostel 201/301","https://www.hostelworld.com/hosteldetails.php/Tamanoi-Hostel-201-301/Tokyo/281335","CA$167.72","             12.4km from city centre          "
"146","bnb+ Ninja Dojo Ueno","https://www.hostelworld.com/hosteldetails.php/bnb-Ninja-Dojo-Ueno/Tokyo/282676","CA$11979.64","             8km from city centre          "
"147","Grids Kyoto Shijo Kawaramachi Hotel & Hostel","https://www.hostelworld.com/hosteldetails.php/Grids-Kyoto-Shijo-Kawaramachi-Hotel-and-Hostel/Kyoto/286327","CA$27.16","             0.8km from city centre          "
"148","Friends Kyo","https://www.hostelworld.com/hosteldetails.php/Friends-Kyo/Kyoto/278444","CA$35.94","             1.2km from city centre          "
"149","Kyoto Morris Hostel","https://www.hostelworld.com/hosteldetails.php/Kyoto-Morris-Hostel/Kyoto/276834","CA$33.54","             0.5km from city centre          "
"150","Len Kyoto","https://www.hostelworld.com/hosteldetails.php/Len-Kyoto/Kyoto/93521","CA$29.95","             1.4km from city centre          "
"151","Backpackers Hostel K's House Kyoto","https://www.hostelworld.com/hosteldetails.php/Backpackers-Hostel-K-s-House-Kyoto/Kyoto/5536","CA$21.56","             2.4km from city centre          "
"152","Mosaic Hostel Kyoto","https://www.hostelworld.com/hosteldetails.php/Mosaic-Hostel-Kyoto/Kyoto/270044","CA$29.95","             3.7km from city centre          "
"153","The Millennials Kyoto","https://www.hostelworld.com/hosteldetails.php/The-Millennials-Kyoto/Kyoto/280003","CA$53.91","             0.5km from city centre          "
"154","Ryokan Hostel Gion","https://www.hostelworld.com/hosteldetails.php/Ryokan-Hostel-Gion/Kyoto/292201","CA$35.94","             0.8km from city centre          "
"155","Hostel Ebi","https://www.hostelworld.com/hosteldetails.php/Hostel-Ebi/Kyoto/267244","CA$29.95","             1km from city centre          "
"156","Bird Hostel","https://www.hostelworld.com/hosteldetails.php/Bird-Hostel/Kyoto/272216","CA$32.35","             1.1km from city centre          "
"157","Piece Hostel Sanjo","https://www.hostelworld.com/hosteldetails.php/Piece-Hostel-Sanjo/Kyoto/94563","CA$34.74","             0.5km from city centre          "
"158","Downtown Inn Kyoto","https://www.hostelworld.com/hosteldetails.php/Downtown-Inn-Kyoto/Kyoto/285591","CA$12.10","             1.4km from city centre          "
"159","Imano Kyoto Kiyomizu Hostel","https://www.hostelworld.com/hosteldetails.php/Imano-Kyoto-Kiyomizu-Hostel/Kyoto/280270","CA$25.55","             1.9km from city centre          "
"160","Centurion Cabin & Spa Kyoto","https://www.hostelworld.com/hosteldetails.php/Centurion-Cabin-and-Spa-Kyoto/Kyoto/267524","CA$29.95","             1.1km from city centre          "
"161","Khaosan Kyoto Guest House","https://www.hostelworld.com/hosteldetails.php/Khaosan-Kyoto-Guest-House/Kyoto/45698","CA$23.96","             1.1km from city centre          "
"162","R.Star Hostel Kyoto","https://www.hostelworld.com/hosteldetails.php/R-Star-Hostel-Kyoto/Kyoto/283891","CA$28.51","             1.8km from city centre          "
"163","J-Hoppers Kyoto Guest House","https://www.hostelworld.com/hosteldetails.php/J-Hoppers-Kyoto-Guest-House/Kyoto/2802","CA$22.76","             3.6km from city centre          "
"164","Comics & CapsuleHotel COMICAP kyotoshinkyogoku","https://www.hostelworld.com/hosteldetails.php/Comics-and-CapsuleHotel-COMICAP-kyotoshinkyogoku/Kyoto/275532","CA$23.96","             0.7km from city centre          "
"165","Santiago Guesthouse Kyoto","https://www.hostelworld.com/hosteldetails.php/Santiago-Guesthouse-Kyoto/Kyoto/73577","CA$15.57","             2km from city centre          "
"166","Guest House Bola-Bola","https://www.hostelworld.com/hosteldetails.php/Guest-House-Bola-Bola/Kyoto/16159","CA$32.70","             6.1km from city centre          "
"167","Jiyujin","https://www.hostelworld.com/hosteldetails.php/Jiyujin/Kyoto/46617","CA$31.45","             2km from city centre          "
"168","Piece Hostel Kyoto","https://www.hostelworld.com/hosteldetails.php/Piece-Hostel-Kyoto/Kyoto/71823","CA$32.35","             3.2km from city centre          "
"169","Gion Ryokan Q-beh","https://www.hostelworld.com/hosteldetails.php/Gion-Ryokan-Q-beh/Kyoto/85973","CA$33.54","             1.5km from city centre          "
"170","Gojo Guest House","https://www.hostelworld.com/hosteldetails.php/Gojo-Guest-House/Kyoto/5317","CA$23.96","             1.9km from city centre          "
"171","Capsule Resort Kyoto Square","https://www.hostelworld.com/hosteldetails.php/Capsule-Resort-Kyoto-Square/Kyoto/273342","CA$38.33","             1.3km from city centre          "
"172","Kyoto Hostel ZEN","https://www.hostelworld.com/hosteldetails.php/Kyoto-Hostel-ZEN/Kyoto/283255","CA$35.94","             0.7km from city centre          "
"173","Guest House Kyoto Inn","https://www.hostelworld.com/hosteldetails.php/Guest-House-Kyoto-Inn/Kyoto/272748","CA$17.97","             3.3km from city centre          "
"174","Guest House Shiori Ann","https://www.hostelworld.com/hosteldetails.php/Guest-House-Shiori-Ann/Kyoto/82268","CA$17.61","             2km from city centre          "
"175","WeBase Kyoto","https://www.hostelworld.com/hosteldetails.php/WeBase-Kyoto/Kyoto/294513","CA$35.94","             1.6km from city centre          "
"176","The Lower East Nine Hostel","https://www.hostelworld.com/hosteldetails.php/The-Lower-East-Nine-Hostel/Kyoto/101564","CA$35.46","             3.7km from city centre          "
"177","Guest House Renjishi Kabuki","https://www.hostelworld.com/hosteldetails.php/Guest-House-Renjishi-Kabuki/Kyoto/41189","CA$17.97","             2.5km from city centre          "
"178","Hostel Niniroom","https://www.hostelworld.com/hosteldetails.php/Hostel-Niniroom/Kyoto/287080","CA$28.03","             1km from city centre          "
"179","Hostel Kyoto Kizuna","https://www.hostelworld.com/hosteldetails.php/Hostel-Kyoto-Kizuna/Kyoto/277793","CA$21.56","             2.1km from city centre          "
"180","Tanaka Gokurakudo Guest House","https://www.hostelworld.com/hosteldetails.php/Tanaka-Gokurakudo-Guest-House/Kyoto/280879","CA$29.95","             2.7km from city centre          "
"181","Calendar Hotel","https://www.hostelworld.com/hosteldetails.php/Calendar-Hotel/Kyoto/278973","CA$11.74","             8.8km from city centre          "
"182","Guest House Ga-Jyun","https://www.hostelworld.com/hosteldetails.php/Guest-House-Ga-Jyun/Kyoto/83262","CA$23.96","             1.4km from city centre          "
"183","Kyoto Hana Hostel","https://www.hostelworld.com/hosteldetails.php/Kyoto-Hana-Hostel/Kyoto/41311","CA$21.56","             2.5km from city centre          "
"184","Chaganjutei","https://www.hostelworld.com/hosteldetails.php/Chaganjutei/Kyoto/272473","CA$39.53","             14.1km from city centre          "
"185","GATE80 Kyoto Nijo","https://www.hostelworld.com/hosteldetails.php/GATE80-Kyoto-Nijo/Kyoto/292943","CA$20.13","             2.4km from city centre          "
"186","Guest House Hachi","https://www.hostelworld.com/hosteldetails.php/Guest-House-Hachi/Kyoto/279325","CA$35.64","             3.2km from city centre          "
"187","Fairfield House","https://www.hostelworld.com/hosteldetails.php/Fairfield-House/Kyoto/102831","CA$35.94","             1.9km from city centre          "
"188","RokuRoku","https://www.hostelworld.com/hosteldetails.php/RokuRoku/Kyoto/26033","CA$29.95","             2.4km from city centre          "
"189","Tabetoma Nijo Castle","https://www.hostelworld.com/hosteldetails.php/Tabetoma-Nijo-Castle/Kyoto/266320","CA$17.97","             1.3km from city centre          "
"190","Nagomi-Ryokan Yuu","https://www.hostelworld.com/hosteldetails.php/Nagomi-Ryokan-Yuu/Kyoto/34703","CA$36.54","             2.2km from city centre          "
"191","Stay Inn KOTO","https://www.hostelworld.com/hosteldetails.php/Stay-Inn-KOTO/Kyoto/289683","CA$16.17","             4.7km from city centre          "
"192","Grand-Rem Kyoto","https://www.hostelworld.com/hosteldetails.php/Grand-Rem-Kyoto/Kyoto/291158","CA$33.54","             0.6km from city centre          "
"193","Hostel Mundo Chiquito","https://www.hostelworld.com/hosteldetails.php/Hostel-Mundo-Chiquito/Kyoto/69888","CA$16.77","             1.4km from city centre          "
"194","Peace House Sakura","https://www.hostelworld.com/hosteldetails.php/Peace-House-Sakura/Kyoto/95000","CA$15.57","             1.8km from city centre          "
"195","Jam Hostel Kyoto Gion","https://www.hostelworld.com/hosteldetails.php/Jam-Hostel-Kyoto-Gion/Kyoto/59626","CA$17.85","             0.9km from city centre          "
"196","The Limelight Kyoto","https://www.hostelworld.com/hosteldetails.php/The-Limelight-Kyoto/Kyoto/291445","CA$21.56","             4.6km from city centre          "
"197","Hostel HARUYA Kyoto","https://www.hostelworld.com/hosteldetails.php/Hostel-HARUYA-Kyoto/Kyoto/56247","CA$17.73","             1km from city centre          "
"198","Hostel Mundo","https://www.hostelworld.com/hosteldetails.php/Hostel-Mundo/Kyoto/44507","CA$16.77","             2.1km from city centre          "
"199","Guesthouse Soi","https://www.hostelworld.com/hosteldetails.php/Guesthouse-Soi/Kyoto/88132","CA$20.37","             2.4km from city centre          "
"200","OKI's Inn","https://www.hostelworld.com/hosteldetails.php/OKI-s-Inn/Kyoto/67365","CA$29.95","             1.1km from city centre          "
"201","THE NEXT DOOR lower east nine hostel","https://www.hostelworld.com/hosteldetails.php/THE-NEXT-DOOR-lower-east-nine-hostel/Kyoto/274186","CA$35.34","             4km from city centre          "
"202","Kyoto Guesthouse Roujiya","https://www.hostelworld.com/hosteldetails.php/Kyoto-Guesthouse-Roujiya/Kyoto/43979","CA$41.93","             2.1km from city centre          "
"203","Book and Bed Tokyo - Kyoto","https://www.hostelworld.com/hosteldetails.php/Book-and-Bed-Tokyo-Kyoto/Kyoto/281168","CA$58.70","             0.9km from city centre          "
"204","Hostel Ginkakuji","https://www.hostelworld.com/hosteldetails.php/Hostel-Ginkakuji/Kyoto/284652","CA$12.46","             2.7km from city centre          "
"205","Tomato Kyoto Station","https://www.hostelworld.com/hosteldetails.php/Tomato-Kyoto-Station/Kyoto/30310","CA$17.97","             3.1km from city centre          "
"206","Bakpak Kyoto Hostel","https://www.hostelworld.com/hosteldetails.php/Bakpak-Kyoto-Hostel/Kyoto/291220","CA$29.95","             0km from city centre          "
"207","Guest Inn Kyoto Garaku","https://www.hostelworld.com/hosteldetails.php/Guest-Inn-Kyoto-Garaku/Kyoto/292035","CA$35.94","             2.7km from city centre          "
"208","Guesthouse Oto","https://www.hostelworld.com/hosteldetails.php/Guesthouse-Oto/Kyoto/293577","CA$32.35","             3.7km from city centre          "
"209","FUGASTAY Shijo Omiya","https://www.hostelworld.com/hosteldetails.php/FUGASTAY-Shijo-Omiya/Kyoto/294324","CA$31.94","             1.8km from city centre          "
"210","Matcha Backpackers","https://www.hostelworld.com/hosteldetails.php/Matcha-Backpackers/Kyoto/294217","CA$29.95","             2.5km from city centre          "
"211","The Share Hotels Tsugu Kyoto Sanjo","https://www.hostelworld.com/hosteldetails.php/The-Share-Hotels-Tsugu-Kyoto-Sanjo/Kyoto/294805","CA$44.92","             0.5km from city centre          "
"212","Small World Guesthouse in Kyoto","https://www.hostelworld.com/hosteldetails.php/Small-World-Guesthouse-in-Kyoto/Kyoto/54099","CA$19.17","             3.9km from city centre          "
"213","Guest House YULULU","https://www.hostelworld.com/hosteldetails.php/Guest-House-YULULU/Kyoto/79698","CA$17.97","             0.5km from city centre          "
"214","HARUYA Umekouji","https://www.hostelworld.com/hosteldetails.php/HARUYA-Umekouji/Kyoto/278295","CA$21.56","             3.1km from city centre          "
"215","Kyoto Hostel Ryokan","https://www.hostelworld.com/hosteldetails.php/Kyoto-Hostel-Ryokan/Kyoto/96223","CA$23.96","             4.2km from city centre          "
"216","Kyo To","https://www.hostelworld.com/hosteldetails.php/Kyo-To/Kyoto/280282","CA$21.56","             1.9km from city centre          "
"217","Kyoto Suiden Ann Annex Dormitory-Sui","https://www.hostelworld.com/hosteldetails.php/Kyoto-Suiden-Ann-Annex-Dormitory-Sui/Kyoto/290630","CA$31.15","             3.3km from city centre          "
"218","O-yado Sato","https://www.hostelworld.com/hosteldetails.php/O-yado-Sato/Kyoto/35205","CA$46.12","             2.3km from city centre          "
"219","Okara Guesthouse","https://www.hostelworld.com/hosteldetails.php/Okara-Guesthouse/Kyoto/273072","CA$22.64","             2.4km from city centre          "
"220","Gojo Guesthouse - Annex","https://www.hostelworld.com/hosteldetails.php/Gojo-Guesthouse-Annex/Kyoto/21128","CA$29.35","             1.7km from city centre          "
"221","Ikoi-no-Ie Kyoto","https://www.hostelworld.com/hosteldetails.php/Ikoi-no-Ie-Kyoto/Kyoto/22656","CA$31.75","             2.2km from city centre          "
"222","Talbot","https://www.hostelworld.com/hosteldetails.php/Talbot/Kyoto/279095","CA$29.95","             29.5km from city centre          "
"223","Guest House Yahata","https://www.hostelworld.com/hosteldetails.php/Guest-House-Yahata/Kyoto/23633","CA$29.95","             2km from city centre          "
"224","Grateful","https://www.hostelworld.com/hosteldetails.php/Grateful/Kyoto/275927","CA$19.17","             0km from city centre          "
"225","Traditonal Kyoto Home Ichiyoraifuku","https://www.hostelworld.com/hosteldetails.php/Traditonal-Kyoto-Home-Ichiyoraifuku/Kyoto/280841","CA$55.11","             1.3km from city centre          "
"226","Kyoto UTANO Youth Hostel","https://www.hostelworld.com/hosteldetails.php/Kyoto-UTANO-Youth-Hostel/Kyoto/30472","CA$40.61","             6.4km from city centre          "
"227","Kyoto Tsukiusagi","https://www.hostelworld.com/hosteldetails.php/Kyoto-Tsukiusagi/Kyoto/284531","CA$35.94","             8.7km from city centre          "
"228","Mosaic Machiya KSK","https://www.hostelworld.com/hosteldetails.php/Mosaic-Machiya-KSK/Kyoto/277116","CA$47.92","             3.5km from city centre          "
"229","Satoyama Guesthouse Couture","https://www.hostelworld.com/hosteldetails.php/Satoyama-Guesthouse-Couture/Kyoto/102712","CA$35.94","             54km from city centre          "
"230","FUJITAYA Kyoto","https://www.hostelworld.com/hosteldetails.php/FUJITAYA-Kyoto/Kyoto/264666","CA$41.93","             2.6km from city centre          "
"231","Kyoto classical house -Murasakian -","https://www.hostelworld.com/hosteldetails.php/Kyoto-classical-house-Murasakian-/Kyoto/289172","CA$59.90","             4.7km from city centre          "
"232","Colours","https://www.hostelworld.com/hosteldetails.php/Colours/Kyoto/268233","CA$19.17","             1.8km from city centre          "
"233","Seibido Inn","https://www.hostelworld.com/hosteldetails.php/Seibido-Inn/Kyoto/269998","CA$22.76","             0.4km from city centre          "
"234","Guest House Yamato","https://www.hostelworld.com/hosteldetails.php/Guest-House-Yamato/Kyoto/51803","CA$68.28","             2.2km from city centre          "
"235","Kyoto Be Open Hostel","https://www.hostelworld.com/hosteldetails.php/Kyoto-Be-Open-Hostel/Kyoto/281256","CA$11979.64","             3.8km from city centre          "
"236","Tomori Guest House","https://www.hostelworld.com/hosteldetails.php/Tomori-Guest-House/Kyoto/289747","CA$23.96","             2.2km from city centre          "
"237","Guest House Hitsuji-An","https://www.hostelworld.com/hosteldetails.php/Guest-House-Hitsuji-An/Kyoto/81381","CA$26.36","             1.3km from city centre          "
"238","Guesthouse Origami","https://www.hostelworld.com/hosteldetails.php/Guesthouse-Origami/Kyoto/93040","CA$17.97","             1.7km from city centre          "
"239","Guesthouse Shitamachi-Kujo","https://www.hostelworld.com/hosteldetails.php/Guesthouse-Shitamachi-Kujo/Kyoto/82745","CA$22.76","             3.9km from city centre          "
"240","You En Me House","https://www.hostelworld.com/hosteldetails.php/You-En-Me-House/Kyoto/77020","CA$33.54","             2.4km from city centre          "
"241","Traditonal Kyoto Home Bifuku Roujiya","https://www.hostelworld.com/hosteldetails.php/Traditonal-Kyoto-Home-Bifuku-Roujiya/Kyoto/280843","CA$47.92","             2.1km from city centre          "
"242","Hotel Rejoice Stay Kyoto Karasuma Oike","https://www.hostelworld.com/hosteldetails.php/Hotel-Rejoice-Stay-Kyoto-Karasuma-Oike/Kyoto/284529","CA$71.88","             0km from city centre          "
"243","Villa Kyoto Saiin","https://www.hostelworld.com/hosteldetails.php/Villa-Kyoto-Saiin/Kyoto/279983","CA$47.92","             3.9km from city centre          "
"244","Guesthouse Ryoan-Ori","https://www.hostelworld.com/hosteldetails.php/Guesthouse-Ryoan-Ori/Kyoto/290682","CA$33.54","             3.3km from city centre          "
"245","Uoiwa Ryokan","https://www.hostelworld.com/hosteldetails.php/Uoiwa-Ryokan/Kyoto/33101","CA$77.63","             2.7km from city centre          "
"246","Japaning Hotel Fushimiinari","https://www.hostelworld.com/hosteldetails.php/Japaning-Hotel-Fushimiinari/Kyoto/281334","CA$11979.64","             4.8km from city centre          "
"247","GuestHouse Kyoto Abiya","https://www.hostelworld.com/hosteldetails.php/GuestHouse-Kyoto-Abiya/Kyoto/271831","CA$32.35","             0.6km from city centre          "
"248","Guest House Aoi Nakamoto","https://www.hostelworld.com/hosteldetails.php/Guest-House-Aoi-Nakamoto/Kyoto/279382","CA$48.52","             2.5km from city centre          "
"249","Hostel Ayame","https://www.hostelworld.com/hosteldetails.php/Hostel-Ayame/Kyoto/274868","CA$29.95","             3.6km from city centre          "
"250","Ark Hostel","https://www.hostelworld.com/hosteldetails.php/Ark-Hostel/Osaka/99470","CA$32.35","             1.9km from city centre          "
"251","Hostel Mitsuwaya Osaka","https://www.hostelworld.com/hosteldetails.php/Hostel-Mitsuwaya-Osaka/Osaka/265633","CA$38.33","             4.1km from city centre          "
"252","Hostel Bushi","https://www.hostelworld.com/hosteldetails.php/Hostel-Bushi/Osaka/280499","CA$23.48","             3.4km from city centre          "
"253","Backstage Osaka Hostel & Bar","https://www.hostelworld.com/hosteldetails.php/Backstage-Osaka-Hostel-and-Bar/Osaka/277734","CA$26.36","             4.5km from city centre          "
"254","Guesthouse U-En","https://www.hostelworld.com/hosteldetails.php/Guesthouse-U-En/Osaka/82892","CA$27.55","             1.9km from city centre          "
"255","""Bike & Bed"" CharinCo Hostel","https://www.hostelworld.com/hosteldetails.php/Bike-and-Bed-CharinCo-Hostel/Osaka/277946","CA$39.53","             2.9km from city centre          "
"256","Tani9 Backpackers Osaka","https://www.hostelworld.com/hosteldetails.php/Tani9-Backpackers-Osaka/Osaka/78777","CA$23.96","             4.5km from city centre          "
"257","Osaka Fuku Hostel Namba","https://www.hostelworld.com/hosteldetails.php/Osaka-Fuku-Hostel-Namba/Osaka/102223","CA$35.46","             4.5km from city centre          "
"258","The Pax Hostel/Records/More","https://www.hostelworld.com/hosteldetails.php/The-Pax-Hostel-Records-More/Osaka/270406","CA$27.55","             6km from city centre          "
"259","Music & Coffee Hostel LnK (LODGING & KIN)","https://www.hostelworld.com/hosteldetails.php/Music-and-Coffee-Hostel-LnK-LODGING-and-KIN/Osaka/277244","CA$33.54","             5.6km from city centre          "
"260","Osaka Fuku Hostel Nagomi","https://www.hostelworld.com/hosteldetails.php/Osaka-Fuku-Hostel-Nagomi/Osaka/267285","CA$35.46","             4.4km from city centre          "
"261","Honjin Hostel","https://www.hostelworld.com/hosteldetails.php/Honjin-Hostel/Osaka/293740","CA$21.56","             4.6km from city centre          "
"262","Backpackers Hotel Toyo Osaka","https://www.hostelworld.com/hosteldetails.php/Backpackers-Hotel-Toyo-Osaka/Osaka/14926","CA$17.97","             6.5km from city centre          "
"263","Funtoco Backpackers Namba","https://www.hostelworld.com/hosteldetails.php/Funtoco-Backpackers-Namba/Osaka/272911","CA$27.55","             5.5km from city centre          "
"264","Picnic Hostel Osaka","https://www.hostelworld.com/hosteldetails.php/Picnic-Hostel-Osaka/Osaka/273231","CA$23.84","             4.4km from city centre          "
"265","Sakura La An","https://www.hostelworld.com/hosteldetails.php/Sakura-La-An/Osaka/267485","CA$34.74","             1.2km from city centre          "
"266","J-Hoppers Osaka Guesthouse","https://www.hostelworld.com/hosteldetails.php/J-Hoppers-Osaka-Guesthouse/Osaka/24780","CA$27.55","             1.9km from city centre          "
"267","Osaka Guesthouse Hive","https://www.hostelworld.com/hosteldetails.php/Osaka-Guesthouse-Hive/Osaka/264049","CA$27.55","             1.3km from city centre          "
"268","Khaosan World Namba","https://www.hostelworld.com/hosteldetails.php/Khaosan-World-Namba/Osaka/265731","CA$25.16","             4.5km from city centre          "
"269","Osaka Hana Hostel","https://www.hostelworld.com/hosteldetails.php/Osaka-Hana-Hostel/Osaka/64662","CA$30.55","             3.7km from city centre          "
"270","The Blend Inn","https://www.hostelworld.com/hosteldetails.php/The-Blend-Inn/Osaka/276969","CA$27.55","             4.5km from city centre          "
"271","HOSTEL WASABI Osaka Bed with Library","https://www.hostelworld.com/hosteldetails.php/HOSTEL-WASABI-Osaka-Bed-with-Library/Osaka/273847","CA$17.97","             4.5km from city centre          "
"272","Ikidane House Namba","https://www.hostelworld.com/hosteldetails.php/Ikidane-House-Namba/Osaka/282683","CA$17.97","             6.5km from city centre          "
"273","Osaka Guesthouse SUN","https://www.hostelworld.com/hosteldetails.php/Osaka-Guesthouse-SUN/Osaka/264047","CA$27.55","             4.3km from city centre          "
"274","Hostel 64 Osaka","https://www.hostelworld.com/hosteldetails.php/Hostel-64-Osaka/Osaka/41264","CA$32.35","             3.4km from city centre          "
"275","Osaka Guesthouse Sakura","https://www.hostelworld.com/hosteldetails.php/Osaka-Guesthouse-Sakura/Osaka/267513","CA$29.95","             0.9km from city centre          "
"276","STAY in the City AMEMURA","https://www.hostelworld.com/hosteldetails.php/STAY-in-the-City-AMEMURA/Osaka/291840","CA$41.40","             3.9km from city centre          "
"277","Air Osaka Hostel","https://www.hostelworld.com/hosteldetails.php/Air-Osaka-Hostel/Osaka/96425","CA$19.17","             9.7km from city centre          "
"278","Osaka GuestHouse KOMA","https://www.hostelworld.com/hosteldetails.php/Osaka-GuestHouse-KOMA/Osaka/36405","CA$17.97","             4.4km from city centre          "
"279","Guest House Matsu","https://www.hostelworld.com/hosteldetails.php/Guest-House-Matsu/Osaka/277737","CA$22.76","             7.4km from city centre          "
"280","Hostel Ebisutei Souzou with Sake Bar","https://www.hostelworld.com/hosteldetails.php/Hostel-Ebisutei-Souzou-with-Sake-Bar/Osaka/283661","CA$14.38","             5.6km from city centre          "
"281","Hostel Rakutsuki","https://www.hostelworld.com/hosteldetails.php/Hostel-Rakutsuki/Osaka/277945","CA$22.16","             4.7km from city centre          "
"282","Peace House Suzunami","https://www.hostelworld.com/hosteldetails.php/Peace-House-Suzunami/Osaka/272564","CA$14.38","             6.4km from city centre          "
"283","Drop Inn Osaka","https://www.hostelworld.com/hosteldetails.php/Drop-Inn-Osaka/Osaka/89585","CA$33.00","             1.4km from city centre          "
"284","Imano Osaka Shinsaibashi Hostel","https://www.hostelworld.com/hosteldetails.php/Imano-Osaka-Shinsaibashi-Hostel/Osaka/294059","CA$18.64","             3.8km from city centre          "
"285","Roots Hostel","https://www.hostelworld.com/hosteldetails.php/Roots-Hostel/Osaka/274185","CA$35.94","             3.1km from city centre          "
"286","Osaka Namba Hostel MIYABI","https://www.hostelworld.com/hosteldetails.php/Osaka-Namba-Hostel-MIYABI/Osaka/278391","CA$20.37","             5km from city centre          "
"287","The Dorm Hostel Osaka","https://www.hostelworld.com/hosteldetails.php/The-Dorm-Hostel-Osaka/Osaka/271739","CA$45.52","             3.6km from city centre          "
"288","Khaosan World Tennoji Hostel","https://www.hostelworld.com/hosteldetails.php/Khaosan-World-Tennoji-Hostel/Osaka/275476","CA$27.55","             6.6km from city centre          "
"289","Kintetsu Friendly Hostel -Osaka Tennoji Park-","https://www.hostelworld.com/hosteldetails.php/Kintetsu-Friendly-Hostel-Osaka-Tennoji-Park-/Osaka/270600","CA$23.72","             6.5km from city centre          "
"290","Hostel Enisia Namba","https://www.hostelworld.com/hosteldetails.php/Hostel-Enisia-Namba/Osaka/281159","CA$35.94","             4.3km from city centre          "
"291","Hostel Chillout","https://www.hostelworld.com/hosteldetails.php/Hostel-Chillout/Osaka/266787","CA$27.79","             4.3km from city centre          "
"292","Guesthouse HetoGep","https://www.hostelworld.com/hosteldetails.php/Guesthouse-HetoGep/Osaka/280502","CA$29.95","             4.5km from city centre          "
"293","Sun Village Tsuruhashi","https://www.hostelworld.com/hosteldetails.php/Sun-Village-Tsuruhashi/Osaka/289670","CA$17.97","             5.1km from city centre          "
"294","Idocoro","https://www.hostelworld.com/hosteldetails.php/Idocoro/Osaka/280512","CA$20.96","             2.2km from city centre          "
"295","Very Hostel Namba","https://www.hostelworld.com/hosteldetails.php/Very-Hostel-Namba/Osaka/275642","CA$29.95","             4.9km from city centre          "
"296","Home Hostel Osaka","https://www.hostelworld.com/hosteldetails.php/Home-Hostel-Osaka/Osaka/276140","CA$32.35","             6.2km from city centre          "
"297","J-Hoppers Osaka Universal","https://www.hostelworld.com/hosteldetails.php/J-Hoppers-Osaka-Universal/Osaka/264538","CA$29.65","             6.4km from city centre          "
"298","Guest House Onoya","https://www.hostelworld.com/hosteldetails.php/Guest-House-Onoya/Osaka/279355","CA$23.96","             3.3km from city centre          "
"299","Hostel Jin","https://www.hostelworld.com/hosteldetails.php/Hostel-Jin/Osaka/274869","CA$29.95","             4.3km from city centre          "
"300","New World Inn","https://www.hostelworld.com/hosteldetails.php/New-World-Inn/Osaka/276006","CA$20.37","             6.5km from city centre          "
"301","Beehive Hostel Osaka","https://www.hostelworld.com/hosteldetails.php/Beehive-Hostel-Osaka/Osaka/265783","CA$34.74","             3.4km from city centre          "
"302","Hostel Q","https://www.hostelworld.com/hosteldetails.php/Hostel-Q/Osaka/82301","CA$34.74","             4.2km from city centre          "
"303","Bon Hostel","https://www.hostelworld.com/hosteldetails.php/Bon-Hostel/Osaka/293171","CA$24.67","             5.6km from city centre          "
"304","Shell Nell namba","https://www.hostelworld.com/hosteldetails.php/Shell-Nell-namba/Osaka/270314","CA$11979.64","             4.8km from city centre          "
"305","Dotombori Base","https://www.hostelworld.com/hosteldetails.php/Dotombori-Base/Osaka/279121","CA$21.56","             4.3km from city centre          "
"306","Peace House Showa","https://www.hostelworld.com/hosteldetails.php/Peace-House-Showa/Osaka/37275","CA$14.38","             6.8km from city centre          "
"307","iloha Hostel Namba Shinsaibashi","https://www.hostelworld.com/hosteldetails.php/iloha-Hostel-Namba-Shinsaibashi/Osaka/280023","CA$35.94","             3.7km from city centre          "
"308","Umbrella House Osaka","https://www.hostelworld.com/hosteldetails.php/Umbrella-House-Osaka/Osaka/272905","CA$27.55","             8.5km from city centre          "
"309","Qoo Hostel Osaka","https://www.hostelworld.com/hosteldetails.php/Qoo-Hostel-Osaka/Osaka/293350","CA$21.56","             5.5km from city centre          "
"310","Osaka Guesthouse Nest","https://www.hostelworld.com/hosteldetails.php/Osaka-Guesthouse-Nest/Osaka/271107","CA$17.97","             6.7km from city centre          "
"311","Bonsai Guest House","https://www.hostelworld.com/hosteldetails.php/Bonsai-Guest-House/Osaka/41901","CA$21.56","             5.9km from city centre          "
"312","Peace House Sachi","https://www.hostelworld.com/hosteldetails.php/Peace-House-Sachi/Osaka/82354","CA$14.38","             6.5km from city centre          "
"313","White Hostel Shinsaibashi","https://www.hostelworld.com/hosteldetails.php/White-Hostel-Shinsaibashi/Osaka/290594","CA$28.75","             3.8km from city centre          "
"314","Peace House Abeno","https://www.hostelworld.com/hosteldetails.php/Peace-House-Abeno/Osaka/272406","CA$14.38","             6.9km from city centre          "
"315","Osaka Hostel Kai","https://www.hostelworld.com/hosteldetails.php/Osaka-Hostel-Kai/Osaka/272906","CA$31.15","             2.8km from city centre          "
"316","Hostel J Culture 168","https://www.hostelworld.com/hosteldetails.php/Hostel-J-Culture-168/Osaka/280272","CA$35.94","             5.3km from city centre          "
"317","Shin-Osaka Tomato Guest House","https://www.hostelworld.com/hosteldetails.php/Shin-Osaka-Tomato-Guest-House/Osaka/78230","CA$17.37","             1.9km from city centre          "
"318","Casa Macondo","https://www.hostelworld.com/hosteldetails.php/Casa-Macondo/Osaka/282626","CA$26.36","             5km from city centre          "
"319","Hostel ViAGGiO","https://www.hostelworld.com/hosteldetails.php/Hostel-ViAGGiO/Osaka/277736","CA$26.36","             5.1km from city centre          "
"320","Sun Village Tamatsukuri","https://www.hostelworld.com/hosteldetails.php/Sun-Village-Tamatsukuri/Osaka/289669","CA$19.17","             4.8km from city centre          "
"321","Guesthouse Morizou Female only","https://www.hostelworld.com/hosteldetails.php/Guesthouse-Morizou-Female-only/Osaka/100428","CA$23.96","             3.7km from city centre          "
"322","Hostel moku-moku","https://www.hostelworld.com/hosteldetails.php/Hostel-moku-moku/Osaka/267155","CA$41.93","             4km from city centre          "
"323","Hotel Sun`Plaza 2","https://www.hostelworld.com/hosteldetails.php/Hotel-SunPlaza-2/Osaka/31113","CA$12.58","             6.5km from city centre          "
"324","Capsule Hotel Asahi Plaza Shinsaibashi","https://www.hostelworld.com/hosteldetails.php/Capsule-Hotel-Asahi-Plaza-Shinsaibashi/Osaka/31163","CA$35.94","             4km from city centre          "
"325","Hotel Taiyo","https://www.hostelworld.com/hosteldetails.php/Hotel-Taiyo/Osaka/8135","CA$17.97","             6.5km from city centre          "
"326","Ken's House","https://www.hostelworld.com/hosteldetails.php/Ken-s-House/Osaka/99778","CA$23.96","             4.7km from city centre          "
"327","B&S Eco Cube Shinsaibashi","https://www.hostelworld.com/hosteldetails.php/B-and-S-Eco-Cube-Shinsaibashi/Osaka/75085","CA$31.15","             4km from city centre          "
"328","Bonfire Hostel Osaka","https://www.hostelworld.com/hosteldetails.php/Bonfire-Hostel-Osaka/Osaka/267245","CA$21.32","             9.5km from city centre          "
"329","Guesthouse Fujitatami","https://www.hostelworld.com/hosteldetails.php/Guesthouse-Fujitatami/Osaka/279735","CA$32.94","             26.6km from city centre          "
"330","Hotel Shin-Imamiya","https://www.hostelworld.com/hosteldetails.php/Hotel-Shin-Imamiya/Osaka/270649","CA$20.13","             6.3km from city centre          "
"331","Goen Lounge&Stay","https://www.hostelworld.com/hosteldetails.php/Goen-LoungeStay/Osaka/271766","CA$23.72","             18.2km from city centre          "
"332","Shin-Osaka Youth Hostel","https://www.hostelworld.com/hosteldetails.php/Shin-Osaka-Youth-Hostel/Osaka/32470","CA$38.33","             2.8km from city centre          "
"333","Yamatoya Honten, Namba Dotombori","https://www.hostelworld.com/hosteldetails.php/Yamatoya-Honten-Namba-Dotombori/Osaka/5506","CA$58.22","             4.2km from city centre          "
"334","Senba Hostel","https://www.hostelworld.com/hosteldetails.php/Senba-Hostel/Osaka/264539","CA$41.93","             3.2km from city centre          "
"335","Coco Hostel Osaka","https://www.hostelworld.com/hosteldetails.php/Coco-Hostel-Osaka/Osaka/275063","CA$25.16","             4.7km from city centre          "
"336","Hotel Chuo","https://www.hostelworld.com/hosteldetails.php/Hotel-Chuo/Osaka/11873","CA$17.97","             6.4km from city centre          "
"337","Osaka Hokko Marina Resort Guesthouse-Female Only","https://www.hostelworld.com/hosteldetails.php/Osaka-Hokko-Marina-Resort-Guesthouse-Female-Only/Osaka/100893","CA$17.97","             9.2km from city centre          "
"338","Poly Hostel 2 Namba","https://www.hostelworld.com/hosteldetails.php/Poly-Hostel-2-Namba/Osaka/285600","CA$23.96","             4.8km from city centre          "
"339","Guesthouse Siam","https://www.hostelworld.com/hosteldetails.php/Guesthouse-Siam/Osaka/274872","CA$35.94","             5.9km from city centre          "
"340","Hotel Raizan South","https://www.hostelworld.com/hosteldetails.php/Hotel-Raizan-South/Osaka/11757","CA$23.96","             6.5km from city centre          "
"341","Lore Hostel Dontonbori","https://www.hostelworld.com/hosteldetails.php/Lore-Hostel-Dontonbori/Osaka/280280","CA$15.57","             4.3km from city centre          "
"342","Hotel Sun Plaza","https://www.hostelworld.com/hosteldetails.php/Hotel-Sun-Plaza/Osaka/30958","CA$15.57","             6.3km from city centre          "
"343","Music Uni Street Backpackers Hostel","https://www.hostelworld.com/hosteldetails.php/Music-Uni-Street-Backpackers-Hostel/Osaka/274850","CA$35.58","             6km from city centre          "
"344","Sleepers Guesthouse","https://www.hostelworld.com/hosteldetails.php/Sleepers-Guesthouse/Osaka/292191","CA$11979.64","             2km from city centre          "
"345","IM Guest House","https://www.hostelworld.com/hosteldetails.php/IM-Guest-House/Osaka/57231","CA$22.76","             6.2km from city centre          "
"346","Hostel Namba Takumi","https://www.hostelworld.com/hosteldetails.php/Hostel-Namba-Takumi/Osaka/287035","CA$23.96","             4.6km from city centre          "
"347","Sakura Guest House","https://www.hostelworld.com/hosteldetails.php/Sakura-Guest-House/Osaka/89179","CA$32.35","             4.3km from city centre          "
"348","Osaka International Youth Hostel","https://www.hostelworld.com/hosteldetails.php/Osaka-International-Youth-Hostel/Osaka/34777","CA$34.50","             20.3km from city centre          "
"349","GUSH Shinsaibashi","https://www.hostelworld.com/hosteldetails.php/GUSH-Shinsaibashi/Osaka/281773","CA$35.94","             3.7km from city centre          "
"350","Osaka Guest House DOYA","https://www.hostelworld.com/hosteldetails.php/Osaka-Guest-House-DOYA/Osaka/291266","CA$14.97","             6.8km from city centre          "
"351","YADOKARI Namba Hostel","https://www.hostelworld.com/hosteldetails.php/YADOKARI-Namba-Hostel/Osaka/275473","CA$29.94","             4.7km from city centre          "
"352","Airport Osaka","https://www.hostelworld.com/hosteldetails.php/Airport-Osaka/Osaka/290946","CA$14.91","             31.2km from city centre          "
"353","Kaneyoshi Ryokan, Namba Dotombori","https://www.hostelworld.com/hosteldetails.php/Kaneyoshi-Ryokan-Namba-Dotombori/Osaka/10844","CA$77.63","             4.2km from city centre          "
"354","Hotel Kaga","https://www.hostelworld.com/hosteldetails.php/Hotel-Kaga/Osaka/72373","CA$23.96","             6.5km from city centre          "
"355","Hotel July","https://www.hostelworld.com/hosteldetails.php/Hotel-July/Osaka/280881","CA$113.81","             4.6km from city centre          "
"356","Bar & Hostel MONDO","https://www.hostelworld.com/hosteldetails.php/Bar-and-Hostel-MONDO/Osaka/275577","CA$39.53","             5.6km from city centre          "
"357","Guest house Wa N Wa","https://www.hostelworld.com/hosteldetails.php/Guest-house-Wa-N-Wa/Osaka/279274","CA$25.16","             5.9km from city centre          "
"358","GATE80","https://www.hostelworld.com/hosteldetails.php/GATE80/Osaka/276168","CA$15.57","             10km from city centre          "
"359","Keimei Guest House","https://www.hostelworld.com/hosteldetails.php/Keimei-Guest-House/Osaka/276946","CA$29.41","             6.9km from city centre          "
"360","Daikoku Hostel","https://www.hostelworld.com/hosteldetails.php/Daikoku-Hostel/Osaka/82106","CA$33.54","             5.8km from city centre          "
"361","Hostel AI","https://www.hostelworld.com/hosteldetails.php/Hostel-AI/Osaka/265533","CA$11979.64","             5.3km from city centre          "
"362","Poka Poka Hotel","https://www.hostelworld.com/hosteldetails.php/Poka-Poka-Hotel/Osaka/290889","CA$35.94","             4.5km from city centre          "
"363","Backpackers Hostel K's House Hiroshima","https://www.hostelworld.com/hosteldetails.php/Backpackers-Hostel-K-s-House-Hiroshima/Hiroshima/30699","CA$31.15","             1.9km from city centre          "
"364","Santiago Guesthouse Hiroshima","https://www.hostelworld.com/hosteldetails.php/Santiago-Guesthouse-Hiroshima/Hiroshima/100757","CA$23.96","             0.7km from city centre          "
"365","Guesthouse Hiroshima Mange Tak","https://www.hostelworld.com/hosteldetails.php/Guesthouse-Hiroshima-Mange-Tak/Hiroshima/280498","CA$35.94","             1.4km from city centre          "
"366","Hostel Mallika","https://www.hostelworld.com/hosteldetails.php/Hostel-Mallika/Hiroshima/282405","CA$26.36","             0.7km from city centre          "
"367","Hiroshima Hostel EN","https://www.hostelworld.com/hosteldetails.php/Hiroshima-Hostel-EN/Hiroshima/278400","CA$32.35","             2.6km from city centre          "
"368","J-Hoppers Hiroshima Guesthouse","https://www.hostelworld.com/hosteldetails.php/J-Hoppers-Hiroshima-Guesthouse/Hiroshima/18498","CA$27.55","             1.1km from city centre          "
"369","The Evergreen Hostel","https://www.hostelworld.com/hosteldetails.php/The-Evergreen-Hostel/Hiroshima/267883","CA$23.96","             1.5km from city centre          "
"370","Guest House Roku","https://www.hostelworld.com/hosteldetails.php/Guest-House-Roku/Hiroshima/87086","CA$34.74","             2.7km from city centre          "
"371","Simple Stay Peacepark","https://www.hostelworld.com/hosteldetails.php/Simple-Stay-Peacepark/Hiroshima/291156","CA$21.56","             0.7km from city centre          "
"372","Omotenashi Hostel Miyajima","https://www.hostelworld.com/hosteldetails.php/Omotenashi-Hostel-Miyajima/Hiroshima/265780","CA$29.95","             13.5km from city centre          "
"373","Hostel & Cafe Bar Backpackers Miyajima","https://www.hostelworld.com/hosteldetails.php/Hostel-and-Cafe-Bar-Backpackers-Miyajima/Hiroshima/31705","CA$34.74","             16.1km from city centre          "
"374","Hotel S-plus Hiroshima Peace Park","https://www.hostelworld.com/hosteldetails.php/Hotel-S-plus-Hiroshima-Peace-Park/Hiroshima/294011","CA$28.75","             0.4km from city centre          "
"375","Hiroshima Hana Hostel","https://www.hostelworld.com/hosteldetails.php/Hiroshima-Hana-Hostel/Hiroshima/29371","CA$27.55","             2.4km from city centre          "
"376","Hostel Kawate-ya","https://www.hostelworld.com/hosteldetails.php/Hostel-Kawate-ya/Hiroshima/294244","CA$29.95","             1.8km from city centre          "
"377","SUMIYA Spa & Hotel","https://www.hostelworld.com/hosteldetails.php/SUMIYA-Spa-and-Hotel/Hiroshima/290888","CA$41.93","             1.9km from city centre          "
"378","Hostel & Powder Room Crane(female only)","https://www.hostelworld.com/hosteldetails.php/Hostel-and-Powder-Room-Crane-female-only/Hiroshima/290060","CA$31.94","             1.1km from city centre          "
"379","Hiroshima Fans Hostel","https://www.hostelworld.com/hosteldetails.php/Hiroshima-Fans-Hostel/Hiroshima/290926","CA$35.94","             16.2km from city centre          "
"380","Ikawa Ryokan","https://www.hostelworld.com/hosteldetails.php/Ikawa-Ryokan/Hiroshima/24382","CA$65.89","             1.1km from city centre          "
"381","Common de Hostel & Bar","https://www.hostelworld.com/hosteldetails.php/Common-de-Hostel-and-Bar/Fukuoka/285851","CA$37.74","             0km from city centre          "
"382","& And Hostel","https://www.hostelworld.com/hosteldetails.php/-and-And-Hostel/Fukuoka/269759","CA$31.63","             0km from city centre          "
"383","THE LIFE hostel & bar lounge","https://www.hostelworld.com/hosteldetails.php/THE-LIFE-hostel-and-bar-lounge/Fukuoka/276460","CA$28.51","             0km from city centre          "
"384","Fukuoka Hana Hostel","https://www.hostelworld.com/hosteldetails.php/Fukuoka-Hana-Hostel/Fukuoka/71709","CA$29.95","             0km from city centre          "
"385","Ark Blue Hotel","https://www.hostelworld.com/hosteldetails.php/Ark-Blue-Hotel/Fukuoka/279903","CA$33.54","             0km from city centre          "
"386","Hakozaki Garden Guesthouse","https://www.hostelworld.com/hosteldetails.php/Hakozaki-Garden-Guesthouse/Fukuoka/292872","CA$29.71","             0km from city centre          "
"387","WeBase HAKATA","https://www.hostelworld.com/hosteldetails.php/WeBase-HAKATA/Fukuoka/279321","CA$38.89","             0km from city centre          "
"388","Fukuoka Backpackers Hostel","https://www.hostelworld.com/hosteldetails.php/Fukuoka-Backpackers-Hostel/Fukuoka/18592","CA$27.55","             0km from city centre          "
"389","Kia Ora Budgetstay","https://www.hostelworld.com/hosteldetails.php/Kia-Ora-Budgetstay/Fukuoka/73617","CA$31.15","             0km from city centre          "
"390","Hostel TOKI","https://www.hostelworld.com/hosteldetails.php/Hostel-TOKI/Fukuoka/286150","CA$33.54","             0km from city centre          "
"391","Tonagi Hostel × Cafe","https://www.hostelworld.com/hosteldetails.php/Tonagi-Hostel-Cafe/Fukuoka/268336","CA$29.95","             0km from city centre          "
"392","Hostel Stand By Me","https://www.hostelworld.com/hosteldetails.php/Hostel-Stand-By-Me/Fukuoka/281155","CA$59.90","             0km from city centre          "
"393","B&C Gakubuchi","https://www.hostelworld.com/hosteldetails.php/B-and-C-Gakubuchi/Fukuoka/290680","CA$47.92","             0km from city centre          "
"394","Fukuoka Guesthouse Little Asia Kokura","https://www.hostelworld.com/hosteldetails.php/Fukuoka-Guesthouse-Little-Asia-Kokura/Fukuoka/85975","CA$23.96","             0km from city centre          "
"395","Bed Stock","https://www.hostelworld.com/hosteldetails.php/Bed-Stock/Fukuoka/282684","CA$28.75","             0km from city centre          "
"396","The Gate Hostel","https://www.hostelworld.com/hosteldetails.php/The-Gate-Hostel/Fukuoka/291890","CA$17.73","             0km from city centre          "
"397","Trip Pod Fukuoka - snack & bed -","https://www.hostelworld.com/hosteldetails.php/Trip-Pod-Fukuoka-snack-and-bed-/Fukuoka/290589","CA$39.53","             0km from city centre          "
"398","Guest House Hokorobi","https://www.hostelworld.com/hosteldetails.php/Guest-House-Hokorobi/Fukuoka/82863","CA$28.75","             0km from city centre          "
"399","Book And Bed Tokyo Fukuoka","https://www.hostelworld.com/hosteldetails.php/Book-And-Bed-Tokyo-Fukuoka/Fukuoka/281397","CA$51.75","             0km from city centre          "
"400","Norishico Auto Guesthouse","https://www.hostelworld.com/hosteldetails.php/Norishico-Auto-Guesthouse/Fukuoka/271584","CA$33.54","             0km from city centre          "
"401","HATAGO tenjin","https://www.hostelworld.com/hosteldetails.php/HATAGO-tenjin/Fukuoka/278000","CA$29.95","             0km from city centre          "
"402","Guest House Kaine","https://www.hostelworld.com/hosteldetails.php/Guest-House-Kaine/Fukuoka/32566","CA$29.95","             0km from city centre          "
"403","Harborside Guest House MINATO","https://www.hostelworld.com/hosteldetails.php/Harborside-Guest-House-MINATO/Fukuoka/273884","CA$29.95","             0km from city centre          "
"404","Iikane Palette","https://www.hostelworld.com/hosteldetails.php/Iikane-Palette/Fukuoka/278294","CA$11979.64","             0km from city centre          "
"405","Hostel & Dining Tanga Table","https://www.hostelworld.com/hosteldetails.php/Hostel-and-Dining-Tanga-Table/Fukuoka/100930","CA$33.54","             0km from city centre          "
