"","Name","Link","OverallRating","StartingPrice","DistanceFromCityCentre"
"1","Emblem Hostel Nishiarai","https://www.hostelworld.com/hosteldetails.php/Emblem-Hostel-Nishiarai/Tokyo/102785",9.4,"CA$23.81","13.3km from city centre  - Show on Map"
"2","Space Hostel Tokyo","https://www.hostelworld.com/hosteldetails.php/Space-Hostel-Tokyo/Tokyo/91519",9.2,"CA$26.19","9.1km from city centre  - Show on Map"
"3","Hop Step Inn","https://www.hostelworld.com/hosteldetails.php/Hop-Step-Inn/Tokyo/279329",9.2,"CA$26.19","8.5km from city centre  - Show on Map"
"4","Planetyze Hostel","https://www.hostelworld.com/hosteldetails.php/Planetyze-Hostel/Tokyo/275223",9,"CA$28.57","8.5km from city centre  - Show on Map"
"5","Uno Ueno","https://www.hostelworld.com/hosteldetails.php/Uno-Ueno/Tokyo/280247",8.9,"CA$26.19","8.2km from city centre  - Show on Map"
"6","Grids Tokyo Asakusa-Bashi Hotel&Hostel","https://www.hostelworld.com/hosteldetails.php/Grids-Tokyo-Asakusa-Bashi-Hotel-and-Hostel/Tokyo/280284",9.3,"CA$22.42","8.3km from city centre  - Show on Map"
"7","Sakura Hostel Asakusa","https://www.hostelworld.com/hosteldetails.php/Sakura-Hostel-Asakusa/Tokyo/15725",8.9,"CA$28.57","9.8km from city centre  - Show on Map"
"8","Oakhostel Cabin","https://www.hostelworld.com/hosteldetails.php/Oakhostel-Cabin/Tokyo/93143",8.7,"CA$25.00","8.6km from city centre  - Show on Map"
"9","Imano Tokyo Ginza Hostel","https://www.hostelworld.com/hosteldetails.php/Imano-Tokyo-Ginza-Hostel/Tokyo/279367",8.7,"CA$27.38","7.6km from city centre  - Show on Map"
"10","Hostel bedgasm","https://www.hostelworld.com/hosteldetails.php/Hostel-bedgasm/Tokyo/272463",9.6,"CA$34.52","9.5km from city centre  - Show on Map"
"11","GRIDS TOKYO AKIHABARA HOTEL&HOSTEL","https://www.hostelworld.com/hosteldetails.php/GRIDS-TOKYO-AKIHABARA-HOTEL-and-HOSTEL/Tokyo/95001",8.9,"CA$28.57","8km from city centre  - Show on Map"
"12","Bunka Hostel Tokyo","https://www.hostelworld.com/hosteldetails.php/Bunka-Hostel-Tokyo/Tokyo/100416",9.2,"CA$25.71","9.5km from city centre  - Show on Map"
"13","Sakura Hotel Nippori","https://www.hostelworld.com/hosteldetails.php/Sakura-Hotel-Nippori/Tokyo/277119",9.4,"CA$22.50","7.8km from city centre  - Show on Map"
"14","Guesthouse Fete","https://www.hostelworld.com/hosteldetails.php/Guesthouse-Fete/Tokyo/263266",9.2,"CA$27.38","9.7km from city centre  - Show on Map"
"15","Wise Owl Hostels Tokyo","https://www.hostelworld.com/hosteldetails.php/Wise-Owl-Hostels-Tokyo/Tokyo/268185",9.2,"CA$23.81","7.9km from city centre  - Show on Map"
"16","Nui. Hostel & Bar Lounge","https://www.hostelworld.com/hosteldetails.php/Nui-Hostel-and-Bar-Lounge/Tokyo/67481",9.5,"CA$29.76","9.3km from city centre  - Show on Map"
"17","Anne Hostel Yokozuna","https://www.hostelworld.com/hosteldetails.php/Anne-Hostel-Yokozuna/Tokyo/91050",9,"CA$21.42","9.5km from city centre  - Show on Map"
"18","CITAN Hostel","https://www.hostelworld.com/hosteldetails.php/CITAN-Hostel/Tokyo/274237",9.4,"CA$29.76","8.1km from city centre  - Show on Map"
"19","Hostel&Café East57 Asakusabashi","https://www.hostelworld.com/hosteldetails.php/HostelCafe-East57-Asakusabashi/Tokyo/277115",8.4,"CA$26.19","8.7km from city centre  - Show on Map"
"20","Wise Owl Hostels Shibuya","https://www.hostelworld.com/hosteldetails.php/Wise-Owl-Hostels-Shibuya/Tokyo/275924",9.1,"CA$29.76","4km from city centre  - Show on Map"
"21","Backpackers Hostel K's House Tokyo","https://www.hostelworld.com/hosteldetails.php/Backpackers-Hostel-K-s-House-Tokyo/Tokyo/16019",9.4,"CA$24.40","9.2km from city centre  - Show on Map"
"22","Kaisu Hostel","https://www.hostelworld.com/hosteldetails.php/Kaisu-Hostel/Tokyo/98774",9.5,"CA$46.42","4.4km from city centre  - Show on Map"
"23","Anne Hostel Asakusabashi","https://www.hostelworld.com/hosteldetails.php/Anne-Hostel-Asakusabashi/Tokyo/32652",9,"CA$23.81","8.9km from city centre  - Show on Map"
"24","Unplan Kagurazaka","https://www.hostelworld.com/hosteldetails.php/Unplan-Kagurazaka/Tokyo/265421",9.5,"CA$38.09","4km from city centre  - Show on Map"
"25","UNPLAN Shinjuku","https://www.hostelworld.com/hosteldetails.php/UNPLAN-Shinjuku/Tokyo/294428",9.3,"CA$41.66","1.8km from city centre  - Show on Map"
"26","hostel DEN","https://www.hostelworld.com/hosteldetails.php/hostel-DEN/Tokyo/284821",9.3,"CA$19.24","7.7km from city centre  - Show on Map"
"27","Imano Tokyo Hostel","https://www.hostelworld.com/hosteldetails.php/Imano-Tokyo-Hostel/Tokyo/100620",8.9,"CA$39.28","1.5km from city centre  - Show on Map"
"28","Hikari House","https://www.hostelworld.com/hosteldetails.php/Hikari-House/Tokyo/101241",8.9,"CA$47.61","1.4km from city centre  - Show on Map"
"29","The Millennials Shibuya","https://www.hostelworld.com/hosteldetails.php/The-Millennials-Shibuya/Tokyo/285601",9.7,"CA$101.17","3.1km from city centre  - Show on Map"
"30","Hotel&Hostel On the Marks Tokyo Kawasaki","https://www.hostelworld.com/hosteldetails.php/Hotel-and-Hostel-On-the-Marks-Tokyo-Kawasaki/Tokyo/99126",9.3,"CA$22.62","18.1km from city centre  - Show on Map"
"31","Hotel Graphy Nezu","https://www.hostelworld.com/hosteldetails.php/Hotel-Graphy-Nezu/Tokyo/73386",8.7,"CA$21.42","7.6km from city centre  - Show on Map"
"32","Khaosan Tokyo Origami","https://www.hostelworld.com/hosteldetails.php/Khaosan-Tokyo-Origami/Tokyo/88794",9.4,"CA$29.76","10km from city centre  - Show on Map"
"33","RYOKAN&HOSTEL WASABI Nippori","https://www.hostelworld.com/hosteldetails.php/RYOKANHOSTEL-WASABI-Nippori/Tokyo/88791",9.4,"CA$23.81","9.1km from city centre  - Show on Map"
"34","IRORI Nihonbashi Hostel and Kitchen","https://www.hostelworld.com/hosteldetails.php/IRORI-Nihonbashi-Hostel-and-Kitchen/Tokyo/100932",8,"CA$25.00","8.3km from city centre  - Show on Map"
"35","Khaosan Tokyo Samurai","https://www.hostelworld.com/hosteldetails.php/Khaosan-Tokyo-Samurai/Tokyo/95634",9.2,"CA$29.76","9.5km from city centre  - Show on Map"
"36","AS House (Asakusa Smile)","https://www.hostelworld.com/hosteldetails.php/AS-House-Asakusa-Smile/Tokyo/31305",8.1,"CA$19.04","10km from city centre  - Show on Map"
"37","JGH Tokyo","https://www.hostelworld.com/hosteldetails.php/JGH-Tokyo/Tokyo/87951",7.8,"CA$19.46","13.2km from city centre  - Show on Map"
"38","Almond hostel & cafe Shibuya","https://www.hostelworld.com/hosteldetails.php/Almond-hostel-and-cafe-Shibuya/Tokyo/278423",9.1,"CA$34.28","2.2km from city centre  - Show on Map"
"39","Turn Table Hostel","https://www.hostelworld.com/hosteldetails.php/Turn-Table-Hostel/Tokyo/284581",8.8,"CA$53.56","3.8km from city centre  - Show on Map"
"40","Khaosan Tokyo Kabuki","https://www.hostelworld.com/hosteldetails.php/Khaosan-Tokyo-Kabuki/Tokyo/47084",9.3,"CA$35.71","9.7km from city centre  - Show on Map"
"41","Oakhostel Fuji","https://www.hostelworld.com/hosteldetails.php/Oakhostel-Fuji/Tokyo/265646",8.6,"CA$23.57","10km from city centre  - Show on Map"
"42","Zabutton Hostel","https://www.hostelworld.com/hosteldetails.php/Zabutton-Hostel/Tokyo/93095",9.2,"CA$34.52","5.9km from city centre  - Show on Map"
"43","Tokyo Hostel Fuji","https://www.hostelworld.com/hosteldetails.php/Tokyo-Hostel-Fuji/Tokyo/271785",9.1,"CA$23.81","1.6km from city centre  - Show on Map"
"44","Quality Hostel K's House Tokyo Oasis","https://www.hostelworld.com/hosteldetails.php/Quality-Hostel-K-s-House-Tokyo-Oasis/Tokyo/38396",9.2,"CA$35.11","9.6km from city centre  - Show on Map"
"45","Ace Inn Shinjuku","https://www.hostelworld.com/hosteldetails.php/Ace-Inn-Shinjuku/Tokyo/20457",7.9,"CA$26.38","3km from city centre  - Show on Map"
"46","GRIDS TOKYO NIHOMBASHI EAST HOTEL&HOSTEL","https://www.hostelworld.com/hosteldetails.php/GRIDS-TOKYO-NIHOMBASHI-EAST-HOTEL-and-HOSTEL/Tokyo/102834",8.8,"CA$28.57","8.3km from city centre  - Show on Map"
"47","Kikka","https://www.hostelworld.com/hosteldetails.php/Kikka/Tokyo/291488",8.5,"CA$33.92","8km from city centre  - Show on Map"
"48","Little Japan","https://www.hostelworld.com/hosteldetails.php/Little-Japan/Tokyo/277898",8.9,"CA$25.00","8.5km from city centre  - Show on Map"
"49","Hiromas Hostel in Kanda","https://www.hostelworld.com/hosteldetails.php/Hiromas-Hostel-in-Kanda/Tokyo/276841",7.6,"CA$23.79","7.6km from city centre  - Show on Map"
"50","Playsis East Tokyo","https://www.hostelworld.com/hosteldetails.php/Playsis-East-Tokyo/Tokyo/287001",9.2,"CA$26.19","10.2km from city centre  - Show on Map"
"51","Obi Hostel","https://www.hostelworld.com/hosteldetails.php/Obi-Hostel/Tokyo/274874",8.2,"CA$23.81","8.2km from city centre  - Show on Map"
"52","Stayto (former: Oak Hotel)","https://www.hostelworld.com/hosteldetails.php/Stayto-former-Oak-Hotel/Tokyo/53367",8.4,"CA$29.76","8.7km from city centre  - Show on Map"
"53","&And Hostel Akihabara","https://www.hostelworld.com/hosteldetails.php/-and-And-Hostel-Akihabara/Tokyo/283418",9,"CA$26.19","7.8km from city centre  - Show on Map"
"54","Focus Kuramae","https://www.hostelworld.com/hosteldetails.php/Focus-Kuramae/Tokyo/294343",9.3,"CA$21.42","9km from city centre  - Show on Map"
"55","Khaosan World Asakusa RYOKAN & HOSTEL","https://www.hostelworld.com/hosteldetails.php/Khaosan-World-Asakusa-RYOKAN-and-HOSTEL/Tokyo/79505",9,"CA$29.76","9.5km from city centre  - Show on Map"
"56","Khaosan World Ryogoku Hostel","https://www.hostelworld.com/hosteldetails.php/Khaosan-World-Ryogoku-Hostel/Tokyo/275477",8.9,"CA$27.38","9.5km from city centre  - Show on Map"
"57","Oak Hostel Zen","https://www.hostelworld.com/hosteldetails.php/Oak-Hostel-Zen/Tokyo/85697",8.7,"CA$26.19","8.8km from city centre  - Show on Map"
"58","Hostel Chapter Two Tokyo","https://www.hostelworld.com/hosteldetails.php/Hostel-Chapter-Two-Tokyo/Tokyo/283855",9.7,"CA$41.66","9.8km from city centre  - Show on Map"
"59","Homeikan","https://www.hostelworld.com/hosteldetails.php/Homeikan/Tokyo/1133",9,"CA$42.85","6.3km from city centre  - Show on Map"
"60","Hostel WAQWAQ Tokyo Ueno Asakusa","https://www.hostelworld.com/hosteldetails.php/Hostel-WAQWAQ-Tokyo-Ueno-Asakusa/Tokyo/284498",8.3,"CA$19.50","9km from city centre  - Show on Map"
"61","Sakura Hotel Ikebukuro","https://www.hostelworld.com/hosteldetails.php/Sakura-Hotel-Ikebukuro/Tokyo/22747",8.3,"CA$27.85","5.1km from city centre  - Show on Map"
"62","Hostel Pumpkey Tokyo","https://www.hostelworld.com/hosteldetails.php/Hostel-Pumpkey-Tokyo/Tokyo/284499",7.9,"CA$31.24","2.3km from city centre  - Show on Map"
"63","Good Diner Inn Copain","https://www.hostelworld.com/hosteldetails.php/Good-Diner-Inn-Copain/Tokyo/269709",9.1,"CA$41.66","5.6km from city centre  - Show on Map"
"64","Iza Tokyo Asakusa Guesthouse","https://www.hostelworld.com/hosteldetails.php/Iza-Tokyo-Asakusa-Guesthouse/Tokyo/266642",9,"CA$29.76","9.9km from city centre  - Show on Map"
"65","Book And Bed Tokyo Asakusa","https://www.hostelworld.com/hosteldetails.php/Book-And-Bed-Tokyo-Asakusa/Tokyo/281524",9.1,"CA$47.30","9.6km from city centre  - Show on Map"
"66","Hostel Wahaku Kotobuki","https://www.hostelworld.com/hosteldetails.php/Hostel-Wahaku-Kotobuki/Tokyo/288767",8.4,"CA$27.50","9.3km from city centre  - Show on Map"
"67","ARTnSHELTER","https://www.hostelworld.com/hosteldetails.php/ARTnSHELTER/Tokyo/101399",8.4,"CA$27.97","10.5km from city centre  - Show on Map"
"68","Toco Tokyo Heritage Hostel","https://www.hostelworld.com/hosteldetails.php/Toco-Tokyo-Heritage-Hostel/Tokyo/46418",9.4,"CA$35.71","9.1km from city centre  - Show on Map"
"69","Train Hostel HOKUTOSEI","https://www.hostelworld.com/hosteldetails.php/Train-Hostel-HOKUTOSEI/Tokyo/272910",8.8,"CA$25.00","8.3km from city centre  - Show on Map"
"70","bnb+Shinjuku Castle","https://www.hostelworld.com/hosteldetails.php/bnbShinjuku-Castle/Tokyo/282677",8.1,"CA$23.81","1.3km from city centre  - Show on Map"
"71","Book And Bed Tokyo Ikebukuro","https://www.hostelworld.com/hosteldetails.php/Book-And-Bed-Tokyo-Ikebukuro/Tokyo/264865",8.8,"CA$48.85","4.9km from city centre  - Show on Map"
"72","The Wardrobe Hostel Record","https://www.hostelworld.com/hosteldetails.php/The-Wardrobe-Hostel-Record/Tokyo/294517",8.7,"CA$29.76","7.6km from city centre  - Show on Map"
"73","YADOYA Guesthouse Green","https://www.hostelworld.com/hosteldetails.php/YADOYA-Guesthouse-Green/Tokyo/48451",8,"CA$27.38","2.6km from city centre  - Show on Map"
"74","Guest House Shinagawa-shuku Tokyo","https://www.hostelworld.com/hosteldetails.php/Guest-House-Shinagawa-shuku-Tokyo/Tokyo/38400",9.2,"CA$39.23","8.7km from city centre  - Show on Map"
"75","Ikidane House","https://www.hostelworld.com/hosteldetails.php/Ikidane-House/Tokyo/274006",8.8,"CA$23.81","8.2km from city centre  - Show on Map"
"76","Tadaima Japan Shinjuku Ryokan","https://www.hostelworld.com/hosteldetails.php/Tadaima-Japan-Shinjuku-Ryokan/Tokyo/284493",8.4,"CA$77.13","2.8km from city centre  - Show on Map"
"77","1night1980hostel Tokyo","https://www.hostelworld.com/hosteldetails.php/1night1980hostel-Tokyo/Tokyo/86643",8.2,"CA$25.47","9.4km from city centre  - Show on Map"
"78","&And Hostel Kanda","https://www.hostelworld.com/hosteldetails.php/-and-And-Hostel-Kanda/Tokyo/289744",7.6,"CA$22.91","7.7km from city centre  - Show on Map"
"79","Ikidane House Asakusa Hatago","https://www.hostelworld.com/hosteldetails.php/Ikidane-House-Asakusa-Hatago/Tokyo/285893",9.4,"CA$28.33","10km from city centre  - Show on Map"
"80","Jimbocho Sakura Hotel","https://www.hostelworld.com/hosteldetails.php/Jimbocho-Sakura-Hotel/Tokyo/4662",8.6,"CA$25.59","5.9km from city centre  - Show on Map"
"81","Asakusa Hostel Toukaisou","https://www.hostelworld.com/hosteldetails.php/Asakusa-Hostel-Toukaisou/Tokyo/15493",8.9,"CA$14.88","9.3km from city centre  - Show on Map"
"82","Tokyo Sumidagawa Youth Hostel","https://www.hostelworld.com/hosteldetails.php/Tokyo-Sumidagawa-Youth-Hostel/Tokyo/56097",9.4,"CA$29.76","8.9km from city centre  - Show on Map"
"83","MyCUBE by MYSTAYS Asakusa-Kuramae","https://www.hostelworld.com/hosteldetails.php/MyCUBE-by-MYSTAYS-Asakusa-Kuramae/Tokyo/272217",9,"CA$38.09","9.2km from city centre  - Show on Map"
"84","328 Hostel & Lounge","https://www.hostelworld.com/hosteldetails.php/328-Hostel-and-Lounge/Tokyo/90420",9.6,"CA$39.04","16.5km from city centre  - Show on Map"
"85","Comfybed Yoyogi","https://www.hostelworld.com/hosteldetails.php/Comfybed-Yoyogi/Tokyo/293959",0,"CA$35.71","0.8km from city centre  - Show on Map"
"86","bnb+Tokyo Tamachi","https://www.hostelworld.com/hosteldetails.php/bnbTokyo-Tamachi/Tokyo/293757",10,"CA$23.81","7.3km from city centre  - Show on Map"
"87","bnb+Post Town Shinbashi","https://www.hostelworld.com/hosteldetails.php/bnbPost-Town-Shinbashi/Tokyo/293754",8.6,"CA$23.81","6.3km from city centre  - Show on Map"
"88","bnb+Asakusa Kuramae","https://www.hostelworld.com/hosteldetails.php/bnbAsakusa-Kuramae/Tokyo/293759",5.7,"CA$23.81","9.1km from city centre  - Show on Map"
"89","bnb+Kanda Terrace Ogawamachi","https://www.hostelworld.com/hosteldetails.php/bnbKanda-Terrace-Ogawamachi/Tokyo/293752",0,"CA$23.81","6.6km from city centre  - Show on Map"
"90","Top  Edge Hostel Koenji","https://www.hostelworld.com/hosteldetails.php/Top-Edge-Hostel-Koenji/Tokyo/294355",9.2,"CA$28.57","4.2km from city centre  - Show on Map"
"91","The Micro Museum Hostel","https://www.hostelworld.com/hosteldetails.php/The-Micro-Museum-Hostel/Tokyo/294856",0,"CA$29.76","8.9km from city centre  - Show on Map"
"92","bnb+Asakusa Hostel","https://www.hostelworld.com/hosteldetails.php/bnbAsakusa-Hostel/Tokyo/293758",0,"CA$23.81","9.1km from city centre  - Show on Map"
"93","Seven Garden","https://www.hostelworld.com/hosteldetails.php/Seven-Garden/Tokyo/291531",7.4,"CA$40.47","9.9km from city centre  - Show on Map"
"94","bnb+Secret Base Mejiro","https://www.hostelworld.com/hosteldetails.php/bnbSecret-Base-Mejiro/Tokyo/293751",0,"CA$23.81","3.8km from city centre  - Show on Map"
"95","Comfybed Azabujuban","https://www.hostelworld.com/hosteldetails.php/Comfybed-Azabujuban/Tokyo/293813",0,"CA$46.42","5.8km from city centre  - Show on Map"
"96","Capsule Inn Kinshichou","https://www.hostelworld.com/hosteldetails.php/Capsule-Inn-Kinshichou/Tokyo/37256",8.5,"CA$31.30","10.9km from city centre  - Show on Map"
"97","Hostel Kura","https://www.hostelworld.com/hosteldetails.php/Hostel-Kura/Tokyo/290681",8,"CA$28.57","8.8km from city centre  - Show on Map"
"98","Beagle Tokyo Hostel & Apartments","https://www.hostelworld.com/hosteldetails.php/Beagle-Tokyo-Hostel-and-Apartments/Tokyo/281987",9.3,"CA$47.61","16.1km from city centre  - Show on Map"
"99","Oakhostel Sakura","https://www.hostelworld.com/hosteldetails.php/Oakhostel-Sakura/Tokyo/278014",9,"CA$21.42","11.3km from city centre  - Show on Map"
"100","TOKYO-W-INN Asakusa","https://www.hostelworld.com/hosteldetails.php/TOKYO-W-INN-Asakusa/Tokyo/281822",8.9,"CA$21.54","9.3km from city centre  - Show on Map"
"101","&And Hostel Asakusa Station","https://www.hostelworld.com/hosteldetails.php/-and-And-Hostel-Asakusa-Station/Tokyo/289672",8.9,"CA$37.49","9.3km from city centre  - Show on Map"
"102","Khaosan Tokyo Laboratory","https://www.hostelworld.com/hosteldetails.php/Khaosan-Tokyo-Laboratory/Tokyo/74311",8,"CA$30.95","9.3km from city centre  - Show on Map"
"103","Centurion Ladies Hostel Uenopark (Female only)","https://www.hostelworld.com/hosteldetails.php/Centurion-Ladies-Hostel-Uenopark-Female-only/Tokyo/274804",8.9,"CA$29.76","7.4km from city centre  - Show on Map"
"104","bnb+ Ikebana Okina Yotsuya","https://www.hostelworld.com/hosteldetails.php/bnb-Ikebana-Okina-Yotsuya/Tokyo/282675",9.2,"CA$11902.76","2.6km from city centre  - Show on Map"
"105","Juyoh Hotel","https://www.hostelworld.com/hosteldetails.php/Juyoh-Hotel/Tokyo/76168",9.2,"CA$34.52","10.7km from city centre  - Show on Map"
"106","Guesthouse Sensu","https://www.hostelworld.com/hosteldetails.php/Guesthouse-Sensu/Tokyo/275113",9.6,"CA$39.28","15.7km from city centre  - Show on Map"
"107","Guest House Denchi","https://www.hostelworld.com/hosteldetails.php/Guest-House-Denchi/Tokyo/277899",9.9,"CA$42.85","9.2km from city centre  - Show on Map"
"108","The Wardrobe Hostel Roppongi","https://www.hostelworld.com/hosteldetails.php/The-Wardrobe-Hostel-Roppongi/Tokyo/290768",7.6,"CA$57.13","4.7km from city centre  - Show on Map"
"109","&And Hostel-Asakusa North-","https://www.hostelworld.com/hosteldetails.php/-and-And-Hostel-Asakusa-North-/Tokyo/276202",6.9,"CA$17.85","10.5km from city centre  - Show on Map"
"110","Family & bAKpAK Tokyo Hostel","https://www.hostelworld.com/hosteldetails.php/Family-and-bAKpAK-Tokyo-Hostel/Tokyo/61467",8.3,"CA$20.83","9.8km from city centre  - Show on Map"
"111","Koenji Junjo Hotel","https://www.hostelworld.com/hosteldetails.php/Koenji-Junjo-Hotel/Tokyo/285896",8.4,"CA$35.71","3.9km from city centre  - Show on Map"
"112","&And Hostel Ueno","https://www.hostelworld.com/hosteldetails.php/-and-And-Hostel-Ueno/Tokyo/278139",9.7,"CA$31.42","8.7km from city centre  - Show on Map"
"113","Asakusa Ryokan Toukaisou","https://www.hostelworld.com/hosteldetails.php/Asakusa-Ryokan-Toukaisou/Tokyo/11157",8,"CA$42.85","9.3km from city centre  - Show on Map"
"114","Lyuro Tokyo Kiyosumi -The Share Hotels-","https://www.hostelworld.com/hosteldetails.php/Lyuro-Tokyo-Kiyosumi-The-Share-Hotels-/Tokyo/277072",8.8,"CA$41.66","9.1km from city centre  - Show on Map"
"115","Capsule Value Kanda","https://www.hostelworld.com/hosteldetails.php/Capsule-Value-Kanda/Tokyo/66487",7.1,"CA$35.71","7.1km from city centre  - Show on Map"
"116","Shimokita Hostel","https://www.hostelworld.com/hosteldetails.php/Shimokita-Hostel/Tokyo/286830",8.1,"CA$47.61","4km from city centre  - Show on Map"
"117","Senju Tamuraya","https://www.hostelworld.com/hosteldetails.php/Senju-Tamuraya/Tokyo/290603",9.6,"CA$39.28","11km from city centre  - Show on Map"
"118","YADOYA Guesthouse Orange","https://www.hostelworld.com/hosteldetails.php/YADOYA-Guesthouse-Orange/Tokyo/93939",4.9,"CA$23.81","2.9km from city centre  - Show on Map"
"119","Hiromas Hostel in Akiba","https://www.hostelworld.com/hosteldetails.php/Hiromas-Hostel-in-Akiba/Tokyo/283389",8.5,"CA$22.62","7.3km from city centre  - Show on Map"
"120","Sukeroku-no-Yado Sadachiyo","https://www.hostelworld.com/hosteldetails.php/Sukeroku-no-Yado-Sadachiyo/Tokyo/29483",10,"CA$97.60","9.6km from city centre  - Show on Map"
"121","bnb+TripCommunityTokyo","https://www.hostelworld.com/hosteldetails.php/bnbTripCommunityTokyo/Tokyo/282618",7.1,"CA$23.81","5.8km from city centre  - Show on Map"
"122","Ryoma Ikebukuro I","https://www.hostelworld.com/hosteldetails.php/Ryoma-Ikebukuro-I/Tokyo/286220",0,"CA$33.33","5.5km from city centre  - Show on Map"
"123","Capsule Hotel Anshin Oyado Ogikubo","https://www.hostelworld.com/hosteldetails.php/Capsule-Hotel-Anshin-Oyado-Ogikubo/Tokyo/270313",10,"CA$74.75","7km from city centre  - Show on Map"
"124","Asakusahotel Wasou","https://www.hostelworld.com/hosteldetails.php/Asakusahotel-Wasou/Tokyo/271945",8.6,"CA$23.81","9.9km from city centre  - Show on Map"
"125","J's Backpackers","https://www.hostelworld.com/hosteldetails.php/J-s-Backpackers/Tokyo/93709",7.4,"CA$20.23","16.6km from city centre  - Show on Map"
"126","Edo Tokyo Hostel","https://www.hostelworld.com/hosteldetails.php/Edo-Tokyo-Hostel/Tokyo/272412",4.9,"CA$21.42","15.8km from city centre  - Show on Map"
"127","With B","https://www.hostelworld.com/hosteldetails.php/With-B/Tokyo/285883",8.3,"CA$34.22","8.6km from city centre  - Show on Map"
"128","Guesthouse Kagaribi","https://www.hostelworld.com/hosteldetails.php/Guesthouse-Kagaribi/Tokyo/273011",9.1,"CA$26.19","11.8km from city centre  - Show on Map"
"129","Capsule Hotel Anshin Oyado Akihabara","https://www.hostelworld.com/hosteldetails.php/Capsule-Hotel-Anshin-Oyado-Akihabara/Tokyo/281075",8.3,"CA$73.68","7.2km from city centre  - Show on Map"
"130","Capsule Hotel Anshin Oyado Shinbashi","https://www.hostelworld.com/hosteldetails.php/Capsule-Hotel-Anshin-Oyado-Shinbashi/Tokyo/281072",0,"CA$80.34","6.6km from city centre  - Show on Map"
"131","Hiromas Hostel in Ueno","https://www.hostelworld.com/hosteldetails.php/Hiromas-Hostel-in-Ueno/Tokyo/286076",9.3,"CA$22.62","8.7km from city centre  - Show on Map"
"132","Capsule Hotel Anshin Oyado Shinbashi Shiodome","https://www.hostelworld.com/hosteldetails.php/Capsule-Hotel-Anshin-Oyado-Shinbashi-Shiodome/Tokyo/281076",9.1,"CA$81.53","6.6km from city centre  - Show on Map"
"133","Hisayo's Inn","https://www.hostelworld.com/hosteldetails.php/Hisayo-s-Inn/Tokyo/283587",9.7,"CA$11902.76","15.7km from city centre  - Show on Map"
"134","Shibamata FU-TEN Bed and Local","https://www.hostelworld.com/hosteldetails.php/Shibamata-FU-TEN-Bed-and-Local/Tokyo/276190",4.9,"CA$35.71","18.5km from city centre  - Show on Map"
"135","Tokyo House Inn","https://www.hostelworld.com/hosteldetails.php/Tokyo-House-Inn/Tokyo/272913",8,"CA$45.23","1.5km from city centre  - Show on Map"
"136","bnb+ Costeln Akiba(Female only)","https://www.hostelworld.com/hosteldetails.php/bnb-Costeln-Akiba-Female-only/Tokyo/282620",0,"CA$23.81","7.8km from city centre  - Show on Map"
"137","Oak Hotel Edo","https://www.hostelworld.com/hosteldetails.php/Oak-Hotel-Edo/Tokyo/272749",7.1,"CA$26.19","9.7km from city centre  - Show on Map"
"138","Japan Hostel Shinya Tokkyu","https://www.hostelworld.com/hosteldetails.php/Japan-Hostel-Shinya-Tokkyu/Tokyo/291182",0,"CA$38.09","13.9km from city centre  - Show on Map"
"139","Tokyo Hutte","https://www.hostelworld.com/hosteldetails.php/Tokyo-Hutte/Tokyo/266636",0,"CA$35.71","11.3km from city centre  - Show on Map"
"140","Japanize Guest House","https://www.hostelworld.com/hosteldetails.php/Japanize-Guest-House/Tokyo/273068",8.1,"CA$22.62","8.1km from city centre  - Show on Map"
"141","bnb+ Ninja Dojo Ueno","https://www.hostelworld.com/hosteldetails.php/bnb-Ninja-Dojo-Ueno/Tokyo/282676",5,"CA$11902.76","8km from city centre  - Show on Map"
"142","Tamanoi Hostel 201/301","https://www.hostelworld.com/hosteldetails.php/Tamanoi-Hostel-201-301/Tokyo/281335",0,"CA$166.64","12.4km from city centre  - Show on Map"
"143","Hoshi Kai Kan","https://www.hostelworld.com/hosteldetails.php/Hoshi-Kai-Kan/Tokyo/54783",0,"CA$36.90","8.3km from city centre  - Show on Map"
"144","Asakusa Central Hotel","https://www.hostelworld.com/hosteldetails.php/Asakusa-Central-Hotel/Tokyo/12220",0,"CA$77.37","9.6km from city centre  - Show on Map"
"145","Hotel Boston Club","https://www.hostelworld.com/hosteldetails.php/Hotel-Boston-Club/Tokyo/96427",0,"CA$58.92","9.3km from city centre  - Show on Map"
"146","Grids Kyoto Shijo Kawaramachi Hotel & Hostel","https://www.hostelworld.com/hosteldetails.php/Grids-Kyoto-Shijo-Kawaramachi-Hotel-and-Hostel/Kyoto/286327",9.2,"CA$27.66","0.8km from city centre  - Show on Map"
"147","Kyoto Morris Hostel","https://www.hostelworld.com/hosteldetails.php/Kyoto-Morris-Hostel/Kyoto/276834",9.7,"CA$33.33","0.5km from city centre  - Show on Map"
"148","Friends Kyo","https://www.hostelworld.com/hosteldetails.php/Friends-Kyo/Kyoto/278444",9.8,"CA$33.33","1.2km from city centre  - Show on Map"
"149","Len Kyoto","https://www.hostelworld.com/hosteldetails.php/Len-Kyoto/Kyoto/93521",9.5,"CA$29.76","1.4km from city centre  - Show on Map"
"150","Backpackers Hostel K's House Kyoto","https://www.hostelworld.com/hosteldetails.php/Backpackers-Hostel-K-s-House-Kyoto/Kyoto/5536",9.2,"CA$21.42","2.4km from city centre  - Show on Map"
"151","The Millennials Kyoto","https://www.hostelworld.com/hosteldetails.php/The-Millennials-Kyoto/Kyoto/280003",9.5,"CA$53.56","0.5km from city centre  - Show on Map"
"152","Mosaic Hostel Kyoto","https://www.hostelworld.com/hosteldetails.php/Mosaic-Hostel-Kyoto/Kyoto/270044",9.7,"CA$29.76","3.7km from city centre  - Show on Map"
"153","Ryokan Hostel Gion","https://www.hostelworld.com/hosteldetails.php/Ryokan-Hostel-Gion/Kyoto/292201",9.7,"CA$35.71","0.8km from city centre  - Show on Map"
"154","Bird Hostel","https://www.hostelworld.com/hosteldetails.php/Bird-Hostel/Kyoto/272216",9.4,"CA$32.14","1.1km from city centre  - Show on Map"
"155","Piece Hostel Sanjo","https://www.hostelworld.com/hosteldetails.php/Piece-Hostel-Sanjo/Kyoto/94563",9.6,"CA$34.52","0.5km from city centre  - Show on Map"
"156","Hostel Ebi","https://www.hostelworld.com/hosteldetails.php/Hostel-Ebi/Kyoto/267244",9.9,"CA$29.76","1km from city centre  - Show on Map"
"157","Downtown Inn Kyoto","https://www.hostelworld.com/hosteldetails.php/Downtown-Inn-Kyoto/Kyoto/285591",8.4,"CA$12.02","1.4km from city centre  - Show on Map"
"158","Centurion Cabin & Spa Kyoto","https://www.hostelworld.com/hosteldetails.php/Centurion-Cabin-and-Spa-Kyoto/Kyoto/267524",8.9,"CA$29.76","1.1km from city centre  - Show on Map"
"159","Comics & CapsuleHotel COMICAP kyotoshinkyogoku","https://www.hostelworld.com/hosteldetails.php/Comics-and-CapsuleHotel-COMICAP-kyotoshinkyogoku/Kyoto/275532",9.2,"CA$23.81","0.7km from city centre  - Show on Map"
"160","Khaosan Kyoto Guest House","https://www.hostelworld.com/hosteldetails.php/Khaosan-Kyoto-Guest-House/Kyoto/45698",8.5,"CA$23.81","1.1km from city centre  - Show on Map"
"161","R.Star Hostel Kyoto","https://www.hostelworld.com/hosteldetails.php/R-Star-Hostel-Kyoto/Kyoto/283891",9.3,"CA$25.00","1.8km from city centre  - Show on Map"
"162","Imano Kyoto Kiyomizu Hostel","https://www.hostelworld.com/hosteldetails.php/Imano-Kyoto-Kiyomizu-Hostel/Kyoto/280270",8.8,"CA$23.25","1.9km from city centre  - Show on Map"
"163","J-Hoppers Kyoto Guest House","https://www.hostelworld.com/hosteldetails.php/J-Hoppers-Kyoto-Guest-House/Kyoto/2802",8.7,"CA$22.62","3.6km from city centre  - Show on Map"
"164","Capsule Resort Kyoto Square","https://www.hostelworld.com/hosteldetails.php/Capsule-Resort-Kyoto-Square/Kyoto/273342",9.2,"CA$38.09","1.3km from city centre  - Show on Map"
"165","Santiago Guesthouse Kyoto","https://www.hostelworld.com/hosteldetails.php/Santiago-Guesthouse-Kyoto/Kyoto/73577",8.9,"CA$15.47","2km from city centre  - Show on Map"
"166","Gion Ryokan Q-beh","https://www.hostelworld.com/hosteldetails.php/Gion-Ryokan-Q-beh/Kyoto/85973",9.4,"CA$33.33","1.5km from city centre  - Show on Map"
"167","Piece Hostel Kyoto","https://www.hostelworld.com/hosteldetails.php/Piece-Hostel-Kyoto/Kyoto/71823",9.5,"CA$32.14","3.2km from city centre  - Show on Map"
"168","Jiyujin","https://www.hostelworld.com/hosteldetails.php/Jiyujin/Kyoto/46617",9.8,"CA$31.24","2km from city centre  - Show on Map"
"169","Guest House Renjishi Kabuki","https://www.hostelworld.com/hosteldetails.php/Guest-House-Renjishi-Kabuki/Kyoto/41189",9.1,"CA$17.85","2.5km from city centre  - Show on Map"
"170","WeBase Kyoto","https://www.hostelworld.com/hosteldetails.php/WeBase-Kyoto/Kyoto/294513",9.2,"CA$35.71","1.6km from city centre  - Show on Map"
"171","Guest House Bola-Bola","https://www.hostelworld.com/hosteldetails.php/Guest-House-Bola-Bola/Kyoto/16159",9.3,"CA$32.49","6.1km from city centre  - Show on Map"
"172","Gojo Guest House","https://www.hostelworld.com/hosteldetails.php/Gojo-Guest-House/Kyoto/5317",9.3,"CA$23.81","1.9km from city centre  - Show on Map"
"173","Kyoto Hostel ZEN","https://www.hostelworld.com/hosteldetails.php/Kyoto-Hostel-ZEN/Kyoto/283255",9.6,"CA$35.71","0.7km from city centre  - Show on Map"
"174","The Lower East Nine Hostel","https://www.hostelworld.com/hosteldetails.php/The-Lower-East-Nine-Hostel/Kyoto/101564",9.2,"CA$35.23","3.7km from city centre  - Show on Map"
"175","Guest House Kyoto Inn","https://www.hostelworld.com/hosteldetails.php/Guest-House-Kyoto-Inn/Kyoto/272748",9.2,"CA$17.85","3.3km from city centre  - Show on Map"
"176","Guest House Shiori Ann","https://www.hostelworld.com/hosteldetails.php/Guest-House-Shiori-Ann/Kyoto/82268",9,"CA$17.50","2km from city centre  - Show on Map"
"177","Hostel Niniroom","https://www.hostelworld.com/hosteldetails.php/Hostel-Niniroom/Kyoto/287080",9.4,"CA$27.85","1km from city centre  - Show on Map"
"178","Hostel Kyoto Kizuna","https://www.hostelworld.com/hosteldetails.php/Hostel-Kyoto-Kizuna/Kyoto/277793",9.3,"CA$21.42","2.1km from city centre  - Show on Map"
"179","Grand-Rem Kyoto","https://www.hostelworld.com/hosteldetails.php/Grand-Rem-Kyoto/Kyoto/291158",9,"CA$23.81","0.6km from city centre  - Show on Map"
"180","Guest House Ga-Jyun","https://www.hostelworld.com/hosteldetails.php/Guest-House-Ga-Jyun/Kyoto/83262",9.5,"CA$23.81","1.4km from city centre  - Show on Map"
"181","Calendar Hotel","https://www.hostelworld.com/hosteldetails.php/Calendar-Hotel/Kyoto/278973",8.8,"CA$11.66","8.8km from city centre  - Show on Map"
"182","Tanaka Gokurakudo Guest House","https://www.hostelworld.com/hosteldetails.php/Tanaka-Gokurakudo-Guest-House/Kyoto/280879",9.3,"CA$23.81","2.7km from city centre  - Show on Map"
"183","GATE80 Kyoto Nijo","https://www.hostelworld.com/hosteldetails.php/GATE80-Kyoto-Nijo/Kyoto/292943",8.4,"CA$20.00","2.4km from city centre  - Show on Map"
"184","Chaganjutei","https://www.hostelworld.com/hosteldetails.php/Chaganjutei/Kyoto/272473",0,"CA$39.28","14.1km from city centre  - Show on Map"
"185","Kyoto Hana Hostel","https://www.hostelworld.com/hosteldetails.php/Kyoto-Hana-Hostel/Kyoto/41311",8.7,"CA$21.42","2.5km from city centre  - Show on Map"
"186","Fairfield House","https://www.hostelworld.com/hosteldetails.php/Fairfield-House/Kyoto/102831",9,"CA$25.00","1.9km from city centre  - Show on Map"
"187","Tabetoma Nijo Castle","https://www.hostelworld.com/hosteldetails.php/Tabetoma-Nijo-Castle/Kyoto/266320",8.9,"CA$17.85","1.3km from city centre  - Show on Map"
"188","Nagomi-Ryokan Yuu","https://www.hostelworld.com/hosteldetails.php/Nagomi-Ryokan-Yuu/Kyoto/34703",8.6,"CA$36.30","2.2km from city centre  - Show on Map"
"189","Guest House Hachi","https://www.hostelworld.com/hosteldetails.php/Guest-House-Hachi/Kyoto/279325",8.7,"CA$33.33","3.2km from city centre  - Show on Map"
"190","RokuRoku","https://www.hostelworld.com/hosteldetails.php/RokuRoku/Kyoto/26033",9.3,"CA$29.76","2.4km from city centre  - Show on Map"
"191","Hostel Mundo Chiquito","https://www.hostelworld.com/hosteldetails.php/Hostel-Mundo-Chiquito/Kyoto/69888",8.7,"CA$16.66","1.4km from city centre  - Show on Map"
"192","Stay Inn KOTO","https://www.hostelworld.com/hosteldetails.php/Stay-Inn-KOTO/Kyoto/289683",9.1,"CA$16.07","4.7km from city centre  - Show on Map"
"193","Peace House Sakura","https://www.hostelworld.com/hosteldetails.php/Peace-House-Sakura/Kyoto/95000",7.5,"CA$15.47","1.8km from city centre  - Show on Map"
"194","The Limelight Kyoto","https://www.hostelworld.com/hosteldetails.php/The-Limelight-Kyoto/Kyoto/291445",10,"CA$21.42","4.6km from city centre  - Show on Map"
"195","Hostel Mundo","https://www.hostelworld.com/hosteldetails.php/Hostel-Mundo/Kyoto/44507",8.3,"CA$16.66","2.1km from city centre  - Show on Map"
"196","Kyoto Guesthouse Roujiya","https://www.hostelworld.com/hosteldetails.php/Kyoto-Guesthouse-Roujiya/Kyoto/43979",8.7,"CA$41.66","2.1km from city centre  - Show on Map"
"197","Jam Hostel Kyoto Gion","https://www.hostelworld.com/hosteldetails.php/Jam-Hostel-Kyoto-Gion/Kyoto/59626",7.8,"CA$17.74","0.9km from city centre  - Show on Map"
"198","Hostel HARUYA Kyoto","https://www.hostelworld.com/hosteldetails.php/Hostel-HARUYA-Kyoto/Kyoto/56247",8.9,"CA$17.62","1km from city centre  - Show on Map"
"199","Guesthouse Soi","https://www.hostelworld.com/hosteldetails.php/Guesthouse-Soi/Kyoto/88132",9.4,"CA$20.23","2.4km from city centre  - Show on Map"
"200","Kyo To","https://www.hostelworld.com/hosteldetails.php/Kyo-To/Kyoto/280282",8.9,"CA$21.42","1.9km from city centre  - Show on Map"
"201","OKI's Inn","https://www.hostelworld.com/hosteldetails.php/OKI-s-Inn/Kyoto/67365",9.8,"CA$29.76","1.1km from city centre  - Show on Map"
"202","Guest House YULULU","https://www.hostelworld.com/hosteldetails.php/Guest-House-YULULU/Kyoto/79698",9.4,"CA$17.85","0.5km from city centre  - Show on Map"
"203","Book and Bed Tokyo - Kyoto","https://www.hostelworld.com/hosteldetails.php/Book-and-Bed-Tokyo-Kyoto/Kyoto/281168",8.9,"CA$58.32","0.9km from city centre  - Show on Map"
"204","Tomato Kyoto Station","https://www.hostelworld.com/hosteldetails.php/Tomato-Kyoto-Station/Kyoto/30310",7.3,"CA$17.85","3.1km from city centre  - Show on Map"
"205","HARUYA Umekouji","https://www.hostelworld.com/hosteldetails.php/HARUYA-Umekouji/Kyoto/278295",0,"CA$21.42","3.1km from city centre  - Show on Map"
"206","PBP Hostel Kyoto","https://www.hostelworld.com/hosteldetails.php/PBP-Hostel-Kyoto/Kyoto/294863",0,"CA$38.09","2.1km from city centre  - Show on Map"
"207","Guest Inn Kyoto Garaku","https://www.hostelworld.com/hosteldetails.php/Guest-Inn-Kyoto-Garaku/Kyoto/292035",0,"CA$35.71","2.7km from city centre  - Show on Map"
"208","Matcha Backpackers","https://www.hostelworld.com/hosteldetails.php/Matcha-Backpackers/Kyoto/294217",8.3,"CA$29.76","2.5km from city centre  - Show on Map"
"209","FUGASTAY Shijo Omiya","https://www.hostelworld.com/hosteldetails.php/FUGASTAY-Shijo-Omiya/Kyoto/294324",0,"CA$29.76","1.8km from city centre  - Show on Map"
"210","Bakpak Kyoto Hostel","https://www.hostelworld.com/hosteldetails.php/Bakpak-Kyoto-Hostel/Kyoto/291220",0,"CA$29.76","0km from city centre  - Show on Map"
"211","The Share Hotels Tsugu Kyoto Sanjo","https://www.hostelworld.com/hosteldetails.php/The-Share-Hotels-Tsugu-Kyoto-Sanjo/Kyoto/294805",0,"CA$44.64","0.5km from city centre  - Show on Map"
"212","Guesthouse Oto","https://www.hostelworld.com/hosteldetails.php/Guesthouse-Oto/Kyoto/293577",0,"CA$22.62","3.7km from city centre  - Show on Map"
"213","Kyoto Suiden Ann Annex Dormitory-Sui","https://www.hostelworld.com/hosteldetails.php/Kyoto-Suiden-Ann-Annex-Dormitory-Sui/Kyoto/290630",9.5,"CA$30.95","3.3km from city centre  - Show on Map"
"214","Kyoto Hostel Ryokan","https://www.hostelworld.com/hosteldetails.php/Kyoto-Hostel-Ryokan/Kyoto/96223",8.7,"CA$23.81","4.2km from city centre  - Show on Map"
"215","THE NEXT DOOR lower east nine hostel","https://www.hostelworld.com/hosteldetails.php/THE-NEXT-DOOR-lower-east-nine-hostel/Kyoto/274186",8.2,"CA$35.11","4km from city centre  - Show on Map"
"216","Okara Guesthouse","https://www.hostelworld.com/hosteldetails.php/Okara-Guesthouse/Kyoto/273072",9.5,"CA$22.50","2.4km from city centre  - Show on Map"
"217","Small World Guesthouse in Kyoto","https://www.hostelworld.com/hosteldetails.php/Small-World-Guesthouse-in-Kyoto/Kyoto/54099",8,"CA$19.04","3.9km from city centre  - Show on Map"
"218","Hostel Ginkakuji","https://www.hostelworld.com/hosteldetails.php/Hostel-Ginkakuji/Kyoto/284652",7.9,"CA$12.38","2.7km from city centre  - Show on Map"
"219","O-yado Sato","https://www.hostelworld.com/hosteldetails.php/O-yado-Sato/Kyoto/35205",6.3,"CA$45.83","2.3km from city centre  - Show on Map"
"220","Ikoi-no-Ie Kyoto","https://www.hostelworld.com/hosteldetails.php/Ikoi-no-Ie-Kyoto/Kyoto/22656",6.7,"CA$31.54","2.2km from city centre  - Show on Map"
"221","Grateful","https://www.hostelworld.com/hosteldetails.php/Grateful/Kyoto/275927",8.9,"CA$19.04","0km from city centre  - Show on Map"
"222","Gojo Guesthouse - Annex","https://www.hostelworld.com/hosteldetails.php/Gojo-Guesthouse-Annex/Kyoto/21128",9.9,"CA$29.16","1.7km from city centre  - Show on Map"
"223","Kyoto UTANO Youth Hostel","https://www.hostelworld.com/hosteldetails.php/Kyoto-UTANO-Youth-Hostel/Kyoto/30472",8.3,"CA$40.35","6.4km from city centre  - Show on Map"
"224","Guest House Yahata","https://www.hostelworld.com/hosteldetails.php/Guest-House-Yahata/Kyoto/23633",8.6,"CA$29.76","2km from city centre  - Show on Map"
"225","Talbot","https://www.hostelworld.com/hosteldetails.php/Talbot/Kyoto/279095",5.7,"CA$26.78","29.5km from city centre  - Show on Map"
"226","Traditonal Kyoto Home Ichiyoraifuku","https://www.hostelworld.com/hosteldetails.php/Traditonal-Kyoto-Home-Ichiyoraifuku/Kyoto/280841",0,"CA$54.75","1.3km from city centre  - Show on Map"
"227","FUJITAYA Kyoto","https://www.hostelworld.com/hosteldetails.php/FUJITAYA-Kyoto/Kyoto/264666",7.1,"CA$41.66","2.6km from city centre  - Show on Map"
"228","Satoyama Guesthouse Couture","https://www.hostelworld.com/hosteldetails.php/Satoyama-Guesthouse-Couture/Kyoto/102712",0,"CA$35.71","54km from city centre  - Show on Map"
"229","Kyoto Tsukiusagi","https://www.hostelworld.com/hosteldetails.php/Kyoto-Tsukiusagi/Kyoto/284531",7.7,"CA$35.71","8.7km from city centre  - Show on Map"
"230","Mosaic Machiya KSK","https://www.hostelworld.com/hosteldetails.php/Mosaic-Machiya-KSK/Kyoto/277116",8.6,"CA$47.61","3.5km from city centre  - Show on Map"
"231","Tomori Guest House","https://www.hostelworld.com/hosteldetails.php/Tomori-Guest-House/Kyoto/289747",0,"CA$21.82","2.2km from city centre  - Show on Map"
"232","Kyoto classical house -Murasakian -","https://www.hostelworld.com/hosteldetails.php/Kyoto-classical-house-Murasakian-/Kyoto/289172",8.6,"CA$59.51","4.7km from city centre  - Show on Map"
"233","Seibido Inn","https://www.hostelworld.com/hosteldetails.php/Seibido-Inn/Kyoto/269998",0,"CA$22.62","0.4km from city centre  - Show on Map"
"234","Kyoto Be Open Hostel","https://www.hostelworld.com/hosteldetails.php/Kyoto-Be-Open-Hostel/Kyoto/281256",8,"CA$11902.76","3.8km from city centre  - Show on Map"
"235","Colours","https://www.hostelworld.com/hosteldetails.php/Colours/Kyoto/268233",9.1,"CA$19.04","1.8km from city centre  - Show on Map"
"236","Guest House Yamato","https://www.hostelworld.com/hosteldetails.php/Guest-House-Yamato/Kyoto/51803",0,"CA$67.85","2.2km from city centre  - Show on Map"
"237","Guest House Hitsuji-An","https://www.hostelworld.com/hosteldetails.php/Guest-House-Hitsuji-An/Kyoto/81381",0,"CA$26.19","1.3km from city centre  - Show on Map"
"238","Guesthouse Origami","https://www.hostelworld.com/hosteldetails.php/Guesthouse-Origami/Kyoto/93040",8.4,"CA$17.85","1.7km from city centre  - Show on Map"
"239","Guesthouse Shitamachi-Kujo","https://www.hostelworld.com/hosteldetails.php/Guesthouse-Shitamachi-Kujo/Kyoto/82745",0,"CA$22.62","3.9km from city centre  - Show on Map"
"240","Uoiwa Ryokan","https://www.hostelworld.com/hosteldetails.php/Uoiwa-Ryokan/Kyoto/33101",0,"CA$77.13","2.7km from city centre  - Show on Map"
"241","Traditonal Kyoto Home Bifuku Roujiya","https://www.hostelworld.com/hosteldetails.php/Traditonal-Kyoto-Home-Bifuku-Roujiya/Kyoto/280843",0,"CA$47.61","2.1km from city centre  - Show on Map"
"242","Hotel Rejoice Stay Kyoto Karasuma Oike","https://www.hostelworld.com/hosteldetails.php/Hotel-Rejoice-Stay-Kyoto-Karasuma-Oike/Kyoto/284529",0,"CA$71.42","0km from city centre  - Show on Map"
"243","Villa Kyoto Saiin","https://www.hostelworld.com/hosteldetails.php/Villa-Kyoto-Saiin/Kyoto/279983",0,"CA$47.61","3.9km from city centre  - Show on Map"
"244","Hostel Ayame","https://www.hostelworld.com/hosteldetails.php/Hostel-Ayame/Kyoto/274868",0,"CA$29.76","3.6km from city centre  - Show on Map"
"245","GuestHouse Kyoto Abiya","https://www.hostelworld.com/hosteldetails.php/GuestHouse-Kyoto-Abiya/Kyoto/271831",0,"CA$32.14","0.6km from city centre  - Show on Map"
"246","You En Me House","https://www.hostelworld.com/hosteldetails.php/You-En-Me-House/Kyoto/77020",6.9,"CA$33.33","2.4km from city centre  - Show on Map"
"247","Guesthouse Ryoan-Ori","https://www.hostelworld.com/hosteldetails.php/Guesthouse-Ryoan-Ori/Kyoto/290682",0,"CA$33.33","3.3km from city centre  - Show on Map"
"248","Guest House Aoi Nakamoto","https://www.hostelworld.com/hosteldetails.php/Guest-House-Aoi-Nakamoto/Kyoto/279382",9.4,"CA$54.75","2.5km from city centre  - Show on Map"
"249","Japaning Hotel Fushimiinari","https://www.hostelworld.com/hosteldetails.php/Japaning-Hotel-Fushimiinari/Kyoto/281334",0,"CA$11902.76","4.8km from city centre  - Show on Map"
"250","Ark Hostel","https://www.hostelworld.com/hosteldetails.php/Ark-Hostel/Osaka/99470",9.1,"CA$32.14","1.9km from city centre  - Show on Map"
"251","Hostel Mitsuwaya Osaka","https://www.hostelworld.com/hosteldetails.php/Hostel-Mitsuwaya-Osaka/Osaka/265633",9.5,"CA$38.09","4.1km from city centre  - Show on Map"
"252","Backstage Osaka Hostel & Bar","https://www.hostelworld.com/hosteldetails.php/Backstage-Osaka-Hostel-and-Bar/Osaka/277734",9.4,"CA$26.19","4.5km from city centre  - Show on Map"
"253","Hostel Bushi","https://www.hostelworld.com/hosteldetails.php/Hostel-Bushi/Osaka/280499",8.5,"CA$23.33","3.4km from city centre  - Show on Map"
"254","Guesthouse U-En","https://www.hostelworld.com/hosteldetails.php/Guesthouse-U-En/Osaka/82892",9.5,"CA$27.38","1.9km from city centre  - Show on Map"
"255","""Bike & Bed"" CharinCo Hostel","https://www.hostelworld.com/hosteldetails.php/Bike-and-Bed-CharinCo-Hostel/Osaka/277946",9.3,"CA$39.28","2.9km from city centre  - Show on Map"
"256","Tani9 Backpackers Osaka","https://www.hostelworld.com/hosteldetails.php/Tani9-Backpackers-Osaka/Osaka/78777",9.3,"CA$23.81","4.5km from city centre  - Show on Map"
"257","Osaka Fuku Hostel Namba","https://www.hostelworld.com/hosteldetails.php/Osaka-Fuku-Hostel-Namba/Osaka/102223",9.6,"CA$35.23","4.5km from city centre  - Show on Map"
"258","Music & Coffee Hostel LnK (LODGING & KIN)","https://www.hostelworld.com/hosteldetails.php/Music-and-Coffee-Hostel-LnK-LODGING-and-KIN/Osaka/277244",9.4,"CA$33.33","5.6km from city centre  - Show on Map"
"259","Osaka Fuku Hostel Nagomi","https://www.hostelworld.com/hosteldetails.php/Osaka-Fuku-Hostel-Nagomi/Osaka/267285",9.6,"CA$35.23","4.4km from city centre  - Show on Map"
"260","The Pax Hostel/Records/More","https://www.hostelworld.com/hosteldetails.php/The-Pax-Hostel-Records-More/Osaka/270406",9.5,"CA$27.38","6km from city centre  - Show on Map"
"261","Honjin Hostel","https://www.hostelworld.com/hosteldetails.php/Honjin-Hostel/Osaka/293740",9.4,"CA$21.42","4.6km from city centre  - Show on Map"
"262","Backpackers Hotel Toyo Osaka","https://www.hostelworld.com/hosteldetails.php/Backpackers-Hotel-Toyo-Osaka/Osaka/14926",8.7,"CA$17.85","6.5km from city centre  - Show on Map"
"263","Funtoco Backpackers Namba","https://www.hostelworld.com/hosteldetails.php/Funtoco-Backpackers-Namba/Osaka/272911",9.4,"CA$27.38","5.5km from city centre  - Show on Map"
"264","Picnic Hostel Osaka","https://www.hostelworld.com/hosteldetails.php/Picnic-Hostel-Osaka/Osaka/273231",9.1,"CA$23.69","4.4km from city centre  - Show on Map"
"265","Sakura La An","https://www.hostelworld.com/hosteldetails.php/Sakura-La-An/Osaka/267485",9.5,"CA$34.52","1.2km from city centre  - Show on Map"
"266","J-Hoppers Osaka Guesthouse","https://www.hostelworld.com/hosteldetails.php/J-Hoppers-Osaka-Guesthouse/Osaka/24780",9.4,"CA$27.38","1.9km from city centre  - Show on Map"
"267","Khaosan World Namba","https://www.hostelworld.com/hosteldetails.php/Khaosan-World-Namba/Osaka/265731",8.7,"CA$25.00","4.5km from city centre  - Show on Map"
"268","Osaka Guesthouse Hive","https://www.hostelworld.com/hosteldetails.php/Osaka-Guesthouse-Hive/Osaka/264049",8.2,"CA$27.38","1.3km from city centre  - Show on Map"
"269","The Blend Inn","https://www.hostelworld.com/hosteldetails.php/The-Blend-Inn/Osaka/276969",9.8,"CA$27.38","4.5km from city centre  - Show on Map"
"270","HOSTEL WASABI Osaka Bed with Library","https://www.hostelworld.com/hosteldetails.php/HOSTEL-WASABI-Osaka-Bed-with-Library/Osaka/273847",9.1,"CA$17.85","4.5km from city centre  - Show on Map"
"271","Ikidane House Namba","https://www.hostelworld.com/hosteldetails.php/Ikidane-House-Namba/Osaka/282683",8.9,"CA$12.50","6.5km from city centre  - Show on Map"
"272","Osaka Guest House Midoriya","https://www.hostelworld.com/hosteldetails.php/Osaka-Guest-House-Midoriya/Osaka/94264",9.6,"CA$33.33","5.1km from city centre  - Show on Map"
"273","Osaka Hana Hostel","https://www.hostelworld.com/hosteldetails.php/Osaka-Hana-Hostel/Osaka/64662",9.3,"CA$30.35","3.7km from city centre  - Show on Map"
"274","Osaka Guesthouse SUN","https://www.hostelworld.com/hosteldetails.php/Osaka-Guesthouse-SUN/Osaka/264047",9.2,"CA$27.38","4.3km from city centre  - Show on Map"
"275","Hostel 64 Osaka","https://www.hostelworld.com/hosteldetails.php/Hostel-64-Osaka/Osaka/41264",9.2,"CA$32.14","3.4km from city centre  - Show on Map"
"276","Osaka Guesthouse Sakura","https://www.hostelworld.com/hosteldetails.php/Osaka-Guesthouse-Sakura/Osaka/267513",8.9,"CA$29.76","0.9km from city centre  - Show on Map"
"277","STAY in the City AMEMURA","https://www.hostelworld.com/hosteldetails.php/STAY-in-the-City-AMEMURA/Osaka/291840",9,"CA$41.14","3.9km from city centre  - Show on Map"
"278","Imano Osaka Shinsaibashi Hostel","https://www.hostelworld.com/hosteldetails.php/Imano-Osaka-Shinsaibashi-Hostel/Osaka/294059",8.9,"CA$18.52","3.8km from city centre  - Show on Map"
"279","Peace House Suzunami","https://www.hostelworld.com/hosteldetails.php/Peace-House-Suzunami/Osaka/272564",8.2,"CA$14.28","6.4km from city centre  - Show on Map"
"280","Osaka GuestHouse KOMA","https://www.hostelworld.com/hosteldetails.php/Osaka-GuestHouse-KOMA/Osaka/36405",8.7,"CA$17.85","4.4km from city centre  - Show on Map"
"281","Air Osaka Hostel","https://www.hostelworld.com/hosteldetails.php/Air-Osaka-Hostel/Osaka/96425",8.9,"CA$19.04","9.7km from city centre  - Show on Map"
"282","Drop Inn Osaka","https://www.hostelworld.com/hosteldetails.php/Drop-Inn-Osaka/Osaka/89585",9.1,"CA$32.79","1.4km from city centre  - Show on Map"
"283","Hostel Ebisutei Souzou with Sake Bar","https://www.hostelworld.com/hosteldetails.php/Hostel-Ebisutei-Souzou-with-Sake-Bar/Osaka/283661",7.9,"CA$14.28","5.6km from city centre  - Show on Map"
"284","Guest House Matsu","https://www.hostelworld.com/hosteldetails.php/Guest-House-Matsu/Osaka/277737",9.4,"CA$22.62","7.4km from city centre  - Show on Map"
"285","Hostel Rakutsuki","https://www.hostelworld.com/hosteldetails.php/Hostel-Rakutsuki/Osaka/277945",9,"CA$22.02","4.7km from city centre  - Show on Map"
"286","Roots Hostel","https://www.hostelworld.com/hosteldetails.php/Roots-Hostel/Osaka/274185",9.1,"CA$35.71","3.1km from city centre  - Show on Map"
"287","Osaka Namba Hostel MIYABI","https://www.hostelworld.com/hosteldetails.php/Osaka-Namba-Hostel-MIYABI/Osaka/278391",8.8,"CA$19.04","5km from city centre  - Show on Map"
"288","Khaosan World Tennoji Hostel","https://www.hostelworld.com/hosteldetails.php/Khaosan-World-Tennoji-Hostel/Osaka/275476",8.7,"CA$27.38","6.6km from city centre  - Show on Map"
"289","Kintetsu Friendly Hostel -Osaka Tennoji Park-","https://www.hostelworld.com/hosteldetails.php/Kintetsu-Friendly-Hostel-Osaka-Tennoji-Park-/Osaka/270600",9.4,"CA$23.57","6.5km from city centre  - Show on Map"
"290","The Dorm Hostel Osaka","https://www.hostelworld.com/hosteldetails.php/The-Dorm-Hostel-Osaka/Osaka/271739",9.4,"CA$45.23","3.6km from city centre  - Show on Map"
"291","Hostel Enisia Namba","https://www.hostelworld.com/hosteldetails.php/Hostel-Enisia-Namba/Osaka/281159",9.4,"CA$35.71","4.3km from city centre  - Show on Map"
"292","Guest House Onoya","https://www.hostelworld.com/hosteldetails.php/Guest-House-Onoya/Osaka/279355",9.7,"CA$23.81","3.3km from city centre  - Show on Map"
"293","Hostel Chillout","https://www.hostelworld.com/hosteldetails.php/Hostel-Chillout/Osaka/266787",9,"CA$27.61","4.3km from city centre  - Show on Map"
"294","Sun Village Tsuruhashi","https://www.hostelworld.com/hosteldetails.php/Sun-Village-Tsuruhashi/Osaka/289670",8.6,"CA$17.85","5.1km from city centre  - Show on Map"
"295","Guesthouse HetoGep","https://www.hostelworld.com/hosteldetails.php/Guesthouse-HetoGep/Osaka/280502",9.3,"CA$29.76","4.5km from city centre  - Show on Map"
"296","Home Hostel Osaka","https://www.hostelworld.com/hosteldetails.php/Home-Hostel-Osaka/Osaka/276140",9.5,"CA$32.14","6.2km from city centre  - Show on Map"
"297","Idocoro","https://www.hostelworld.com/hosteldetails.php/Idocoro/Osaka/280512",7,"CA$20.83","2.2km from city centre  - Show on Map"
"298","Very Hostel Namba","https://www.hostelworld.com/hosteldetails.php/Very-Hostel-Namba/Osaka/275642",9.5,"CA$29.76","4.9km from city centre  - Show on Map"
"299","New World Inn","https://www.hostelworld.com/hosteldetails.php/New-World-Inn/Osaka/276006",8.2,"CA$20.23","6.5km from city centre  - Show on Map"
"300","J-Hoppers Osaka Universal","https://www.hostelworld.com/hosteldetails.php/J-Hoppers-Osaka-Universal/Osaka/264538",9.1,"CA$29.46","6.4km from city centre  - Show on Map"
"301","Hostel Jin","https://www.hostelworld.com/hosteldetails.php/Hostel-Jin/Osaka/274869",9.6,"CA$29.76","4.3km from city centre  - Show on Map"
"302","Beehive Hostel Osaka","https://www.hostelworld.com/hosteldetails.php/Beehive-Hostel-Osaka/Osaka/265783",9.4,"CA$34.52","3.4km from city centre  - Show on Map"
"303","Osaka Guesthouse Nest","https://www.hostelworld.com/hosteldetails.php/Osaka-Guesthouse-Nest/Osaka/271107",9.7,"CA$17.85","6.7km from city centre  - Show on Map"
"304","Peace House Showa","https://www.hostelworld.com/hosteldetails.php/Peace-House-Showa/Osaka/37275",8.9,"CA$14.28","6.8km from city centre  - Show on Map"
"305","Bon Hostel","https://www.hostelworld.com/hosteldetails.php/Bon-Hostel/Osaka/293171",9.4,"CA$17.85","5.6km from city centre  - Show on Map"
"306","Dotombori Base","https://www.hostelworld.com/hosteldetails.php/Dotombori-Base/Osaka/279121",8.1,"CA$21.42","4.3km from city centre  - Show on Map"
"307","Umbrella House Osaka","https://www.hostelworld.com/hosteldetails.php/Umbrella-House-Osaka/Osaka/272905",8,"CA$27.38","8.5km from city centre  - Show on Map"
"308","Peace House Sachi","https://www.hostelworld.com/hosteldetails.php/Peace-House-Sachi/Osaka/82354",7.3,"CA$14.28","6.5km from city centre  - Show on Map"
"309","Peace House Abeno","https://www.hostelworld.com/hosteldetails.php/Peace-House-Abeno/Osaka/272406",8.8,"CA$14.28","6.9km from city centre  - Show on Map"
"310","Hostel Q","https://www.hostelworld.com/hosteldetails.php/Hostel-Q/Osaka/82301",8.1,"CA$34.52","4.2km from city centre  - Show on Map"
"311","Hostel ViAGGiO","https://www.hostelworld.com/hosteldetails.php/Hostel-ViAGGiO/Osaka/277736",8,"CA$26.19","5.1km from city centre  - Show on Map"
"312","Shell Nell namba","https://www.hostelworld.com/hosteldetails.php/Shell-Nell-namba/Osaka/270314",8.7,"CA$11902.76","4.8km from city centre  - Show on Map"
"313","Hostel moku-moku","https://www.hostelworld.com/hosteldetails.php/Hostel-moku-moku/Osaka/267155",8.9,"CA$41.66","4km from city centre  - Show on Map"
"314","Qoo Hostel Osaka","https://www.hostelworld.com/hosteldetails.php/Qoo-Hostel-Osaka/Osaka/293350",8.3,"CA$21.42","5.5km from city centre  - Show on Map"
"315","Shin-Osaka Tomato Guest House","https://www.hostelworld.com/hosteldetails.php/Shin-Osaka-Tomato-Guest-House/Osaka/78230",8.3,"CA$17.26","1.9km from city centre  - Show on Map"
"316","White Hostel Shinsaibashi","https://www.hostelworld.com/hosteldetails.php/White-Hostel-Shinsaibashi/Osaka/290594",8.9,"CA$27.38","3.8km from city centre  - Show on Map"
"317","Bonsai Guest House","https://www.hostelworld.com/hosteldetails.php/Bonsai-Guest-House/Osaka/41901",9,"CA$21.42","5.9km from city centre  - Show on Map"
"318","Hotel Taiyo","https://www.hostelworld.com/hosteldetails.php/Hotel-Taiyo/Osaka/8135",7.4,"CA$17.85","6.5km from city centre  - Show on Map"
"319","Osaka Hostel Kai","https://www.hostelworld.com/hosteldetails.php/Osaka-Hostel-Kai/Osaka/272906",8.1,"CA$30.95","2.8km from city centre  - Show on Map"
"320","Sun Village Tamatsukuri","https://www.hostelworld.com/hosteldetails.php/Sun-Village-Tamatsukuri/Osaka/289669",8.9,"CA$19.04","4.8km from city centre  - Show on Map"
"321","Hostel J Culture 168","https://www.hostelworld.com/hosteldetails.php/Hostel-J-Culture-168/Osaka/280272",9.3,"CA$35.71","5.3km from city centre  - Show on Map"
"322","Capsule Hotel Asahi Plaza Shinsaibashi","https://www.hostelworld.com/hosteldetails.php/Capsule-Hotel-Asahi-Plaza-Shinsaibashi/Osaka/31163",8.7,"CA$35.71","4km from city centre  - Show on Map"
"323","Guesthouse Morizou Female only","https://www.hostelworld.com/hosteldetails.php/Guesthouse-Morizou-Female-only/Osaka/100428",8.9,"CA$23.81","3.7km from city centre  - Show on Map"
"324","Casa Macondo","https://www.hostelworld.com/hosteldetails.php/Casa-Macondo/Osaka/282626",7.4,"CA$26.19","5km from city centre  - Show on Map"
"325","Ken's House","https://www.hostelworld.com/hosteldetails.php/Ken-s-House/Osaka/99778",7.7,"CA$23.81","4.7km from city centre  - Show on Map"
"326","B&S Eco Cube Shinsaibashi","https://www.hostelworld.com/hosteldetails.php/B-and-S-Eco-Cube-Shinsaibashi/Osaka/75085",6.7,"CA$30.95","4km from city centre  - Show on Map"
"327","Bonfire Hostel Osaka","https://www.hostelworld.com/hosteldetails.php/Bonfire-Hostel-Osaka/Osaka/267245",9,"CA$21.19","9.5km from city centre  - Show on Map"
"328","Guesthouse Fujitatami","https://www.hostelworld.com/hosteldetails.php/Guesthouse-Fujitatami/Osaka/279735",9.6,"CA$35.71","26.6km from city centre  - Show on Map"
"329","Hotel Sun`Plaza 2","https://www.hostelworld.com/hosteldetails.php/Hotel-SunPlaza-2/Osaka/31113",7.9,"CA$12.50","6.5km from city centre  - Show on Map"
"330","Hotel Mikado","https://www.hostelworld.com/hosteldetails.php/Hotel-Mikado/Osaka/13657",6.3,"CA$23.81","6.5km from city centre  - Show on Map"
"331","Goen Lounge&Stay","https://www.hostelworld.com/hosteldetails.php/Goen-LoungeStay/Osaka/271766",9.4,"CA$23.57","18.2km from city centre  - Show on Map"
"332","Hotel Shin-Imamiya","https://www.hostelworld.com/hosteldetails.php/Hotel-Shin-Imamiya/Osaka/270649",7.1,"CA$20.00","6.3km from city centre  - Show on Map"
"333","Hotel Sun Plaza","https://www.hostelworld.com/hosteldetails.php/Hotel-Sun-Plaza/Osaka/30958",0,"CA$15.47","6.3km from city centre  - Show on Map"
"334","Shin-Osaka Youth Hostel","https://www.hostelworld.com/hosteldetails.php/Shin-Osaka-Youth-Hostel/Osaka/32470",8.9,"CA$38.09","2.8km from city centre  - Show on Map"
"335","Coco Hostel Osaka","https://www.hostelworld.com/hosteldetails.php/Coco-Hostel-Osaka/Osaka/275063",7.7,"CA$25.00","4.7km from city centre  - Show on Map"
"336","Yamatoya Honten, Namba Dotombori","https://www.hostelworld.com/hosteldetails.php/Yamatoya-Honten-Namba-Dotombori/Osaka/5506",0,"CA$57.85","4.2km from city centre  - Show on Map"
"337","Guesthouse Siam","https://www.hostelworld.com/hosteldetails.php/Guesthouse-Siam/Osaka/274872",8.3,"CA$35.71","5.9km from city centre  - Show on Map"
"338","Senba Hostel","https://www.hostelworld.com/hosteldetails.php/Senba-Hostel/Osaka/264539",4,"CA$41.66","3.2km from city centre  - Show on Map"
"339","Poly Hostel 2 Namba","https://www.hostelworld.com/hosteldetails.php/Poly-Hostel-2-Namba/Osaka/285600",10,"CA$23.81","4.8km from city centre  - Show on Map"
"340","Osaka Hokko Marina Resort Guesthouse-Female Only","https://www.hostelworld.com/hosteldetails.php/Osaka-Hokko-Marina-Resort-Guesthouse-Female-Only/Osaka/100893",0,"CA$17.85","9.2km from city centre  - Show on Map"
"341","Hotel Raizan South","https://www.hostelworld.com/hosteldetails.php/Hotel-Raizan-South/Osaka/11757",9.4,"CA$23.81","6.5km from city centre  - Show on Map"
"342","Music Uni Street Backpackers Hostel","https://www.hostelworld.com/hosteldetails.php/Music-Uni-Street-Backpackers-Hostel/Osaka/274850",8.9,"CA$35.35","6km from city centre  - Show on Map"
"343","Sleepers Guesthouse","https://www.hostelworld.com/hosteldetails.php/Sleepers-Guesthouse/Osaka/292191",0,"CA$11902.76","2km from city centre  - Show on Map"
"344","Lore Hostel Dontonbori","https://www.hostelworld.com/hosteldetails.php/Lore-Hostel-Dontonbori/Osaka/280280",8.3,"CA$15.47","4.3km from city centre  - Show on Map"
"345","Hotel Chuo","https://www.hostelworld.com/hosteldetails.php/Hotel-Chuo/Osaka/11873",0,"CA$17.85","6.4km from city centre  - Show on Map"
"346","Osaka International Youth Hostel","https://www.hostelworld.com/hosteldetails.php/Osaka-International-Youth-Hostel/Osaka/34777",6.3,"CA$34.28","20.3km from city centre  - Show on Map"
"347","GUSH Shinsaibashi","https://www.hostelworld.com/hosteldetails.php/GUSH-Shinsaibashi/Osaka/281773",0,"CA$35.71","3.7km from city centre  - Show on Map"
"348","Hostel Namba Takumi","https://www.hostelworld.com/hosteldetails.php/Hostel-Namba-Takumi/Osaka/287035",7.4,"CA$23.81","4.6km from city centre  - Show on Map"
"349","Osaka Guest House DOYA","https://www.hostelworld.com/hosteldetails.php/Osaka-Guest-House-DOYA/Osaka/291266",8,"CA$17.85","6.8km from city centre  - Show on Map"
"350","Sakura Guest House","https://www.hostelworld.com/hosteldetails.php/Sakura-Guest-House/Osaka/89179",0,"CA$32.14","4.3km from city centre  - Show on Map"
"351","YADOKARI Namba Hostel","https://www.hostelworld.com/hosteldetails.php/YADOKARI-Namba-Hostel/Osaka/275473",9.7,"CA$29.75","4.7km from city centre  - Show on Map"
"352","Hotel July","https://www.hostelworld.com/hosteldetails.php/Hotel-July/Osaka/280881",0,"CA$113.08","4.6km from city centre  - Show on Map"
"353","Daikoku Hostel","https://www.hostelworld.com/hosteldetails.php/Daikoku-Hostel/Osaka/82106",8,"CA$33.33","5.8km from city centre  - Show on Map"
"354","Hostel AI","https://www.hostelworld.com/hosteldetails.php/Hostel-AI/Osaka/265533",2,"CA$11902.76","5.3km from city centre  - Show on Map"
"355","Poka Poka Hotel","https://www.hostelworld.com/hosteldetails.php/Poka-Poka-Hotel/Osaka/290889",0,"CA$35.71","4.5km from city centre  - Show on Map"
"356","Keimei Guest House","https://www.hostelworld.com/hosteldetails.php/Keimei-Guest-House/Osaka/276946",0,"CA$29.22","6.9km from city centre  - Show on Map"
"357","Airport Osaka","https://www.hostelworld.com/hosteldetails.php/Airport-Osaka/Osaka/290946",0,"CA$14.82","31.2km from city centre  - Show on Map"
"358","Guest house Wa N Wa","https://www.hostelworld.com/hosteldetails.php/Guest-house-Wa-N-Wa/Osaka/279274",0,"CA$25.00","5.9km from city centre  - Show on Map"
"359","Hotel Chuo Selene","https://www.hostelworld.com/hosteldetails.php/Hotel-Chuo-Selene/Osaka/12032",0,"CA$47.61","6.4km from city centre  - Show on Map"
"360","Kaneyoshi Ryokan, Namba Dotombori","https://www.hostelworld.com/hosteldetails.php/Kaneyoshi-Ryokan-Namba-Dotombori/Osaka/10844",0,"CA$77.13","4.2km from city centre  - Show on Map"
"361","GATE80","https://www.hostelworld.com/hosteldetails.php/GATE80/Osaka/276168",0,"CA$15.47","10km from city centre  - Show on Map"
"362","Hotel Kaga","https://www.hostelworld.com/hosteldetails.php/Hotel-Kaga/Osaka/72373",0,"CA$23.81","6.5km from city centre  - Show on Map"
"363","Bar & Hostel MONDO","https://www.hostelworld.com/hosteldetails.php/Bar-and-Hostel-MONDO/Osaka/275577",0,"CA$39.28","5.6km from city centre  - Show on Map"
"364","Backpackers Hostel K's House Hiroshima","https://www.hostelworld.com/hosteldetails.php/Backpackers-Hostel-K-s-House-Hiroshima/Hiroshima/30699",9.2,"CA$30.95","1.9km from city centre  - Show on Map"
"365","Santiago Guesthouse Hiroshima","https://www.hostelworld.com/hosteldetails.php/Santiago-Guesthouse-Hiroshima/Hiroshima/100757",8.6,"CA$23.81","0.7km from city centre  - Show on Map"
"366","Guesthouse Hiroshima Mange Tak","https://www.hostelworld.com/hosteldetails.php/Guesthouse-Hiroshima-Mange-Tak/Hiroshima/280498",9.2,"CA$35.71","1.4km from city centre  - Show on Map"
"367","Hostel Mallika","https://www.hostelworld.com/hosteldetails.php/Hostel-Mallika/Hiroshima/282405",9.3,"CA$26.19","0.7km from city centre  - Show on Map"
"368","Hiroshima Hostel EN","https://www.hostelworld.com/hosteldetails.php/Hiroshima-Hostel-EN/Hiroshima/278400",9.4,"CA$32.14","2.6km from city centre  - Show on Map"
"369","J-Hoppers Hiroshima Guesthouse","https://www.hostelworld.com/hosteldetails.php/J-Hoppers-Hiroshima-Guesthouse/Hiroshima/18498",9.2,"CA$27.38","1.1km from city centre  - Show on Map"
"370","The Evergreen Hostel","https://www.hostelworld.com/hosteldetails.php/The-Evergreen-Hostel/Hiroshima/267883",8.9,"CA$23.81","1.5km from city centre  - Show on Map"
"371","Simple Stay Peacepark","https://www.hostelworld.com/hosteldetails.php/Simple-Stay-Peacepark/Hiroshima/291156",7.9,"CA$21.42","0.7km from city centre  - Show on Map"
"372","Guest House Roku","https://www.hostelworld.com/hosteldetails.php/Guest-House-Roku/Hiroshima/87086",9.3,"CA$34.52","2.7km from city centre  - Show on Map"
"373","Omotenashi Hostel Miyajima","https://www.hostelworld.com/hosteldetails.php/Omotenashi-Hostel-Miyajima/Hiroshima/265780",9.2,"CA$29.76","13.5km from city centre  - Show on Map"
"374","Hostel & Cafe Bar Backpackers Miyajima","https://www.hostelworld.com/hosteldetails.php/Hostel-and-Cafe-Bar-Backpackers-Miyajima/Hiroshima/31705",9.5,"CA$34.52","16.1km from city centre  - Show on Map"
"375","Hotel S-plus Hiroshima Peace Park","https://www.hostelworld.com/hosteldetails.php/Hotel-S-plus-Hiroshima-Peace-Park/Hiroshima/294011",0,"CA$28.57","0.4km from city centre  - Show on Map"
"376","Hiroshima Hana Hostel","https://www.hostelworld.com/hosteldetails.php/Hiroshima-Hana-Hostel/Hiroshima/29371",8.6,"CA$27.38","2.4km from city centre  - Show on Map"
"377","Hostel Kawate-ya","https://www.hostelworld.com/hosteldetails.php/Hostel-Kawate-ya/Hiroshima/294244",9.4,"CA$27.38","1.8km from city centre  - Show on Map"
"378","Hiroshima Fans Hostel","https://www.hostelworld.com/hosteldetails.php/Hiroshima-Fans-Hostel/Hiroshima/290926",10,"CA$35.71","16.2km from city centre  - Show on Map"
"379","Hostel & Powder Room Crane(female only)","https://www.hostelworld.com/hosteldetails.php/Hostel-and-Powder-Room-Crane-female-only/Hiroshima/290060",9.9,"CA$31.73","1.1km from city centre  - Show on Map"
"380","SUMIYA Spa & Hotel","https://www.hostelworld.com/hosteldetails.php/SUMIYA-Spa-and-Hotel/Hiroshima/290888",8.6,"CA$35.71","1.9km from city centre  - Show on Map"
"381","Ikawa Ryokan","https://www.hostelworld.com/hosteldetails.php/Ikawa-Ryokan/Hiroshima/24382",0,"CA$65.47","1.1km from city centre  - Show on Map"
"382","Common de Hostel & Bar","https://www.hostelworld.com/hosteldetails.php/Common-de-Hostel-and-Bar/Fukuoka/285851",9.3,"CA$37.49","0km from city centre  - Show on Map"
"383","& And Hostel","https://www.hostelworld.com/hosteldetails.php/-and-And-Hostel/Fukuoka/269759",9.1,"CA$31.42","0km from city centre  - Show on Map"
"384","Fukuoka Hana Hostel","https://www.hostelworld.com/hosteldetails.php/Fukuoka-Hana-Hostel/Fukuoka/71709",9.2,"CA$29.76","0km from city centre  - Show on Map"
"385","THE LIFE hostel & bar lounge","https://www.hostelworld.com/hosteldetails.php/THE-LIFE-hostel-and-bar-lounge/Fukuoka/276460",8.9,"CA$28.33","0km from city centre  - Show on Map"
"386","Ark Blue Hotel","https://www.hostelworld.com/hosteldetails.php/Ark-Blue-Hotel/Fukuoka/279903",9,"CA$30.95","0km from city centre  - Show on Map"
"387","Kia Ora Budgetstay","https://www.hostelworld.com/hosteldetails.php/Kia-Ora-Budgetstay/Fukuoka/73617",8.9,"CA$30.95","0km from city centre  - Show on Map"
"388","WeBase HAKATA","https://www.hostelworld.com/hosteldetails.php/WeBase-HAKATA/Fukuoka/279321",9.1,"CA$36.42","0km from city centre  - Show on Map"
"389","Hakozaki Garden Guesthouse","https://www.hostelworld.com/hosteldetails.php/Hakozaki-Garden-Guesthouse/Fukuoka/292872",9.6,"CA$29.52","0km from city centre  - Show on Map"
"390","Fukuoka Backpackers Hostel","https://www.hostelworld.com/hosteldetails.php/Fukuoka-Backpackers-Hostel/Fukuoka/18592",8.4,"CA$27.38","0km from city centre  - Show on Map"
"391","Hostel TOKI","https://www.hostelworld.com/hosteldetails.php/Hostel-TOKI/Fukuoka/286150",9.5,"CA$33.33","0km from city centre  - Show on Map"
"392","Tonagi Hostel × Cafe","https://www.hostelworld.com/hosteldetails.php/Tonagi-Hostel-Cafe/Fukuoka/268336",8.3,"CA$29.76","0km from city centre  - Show on Map"
"393","Hostel Stand By Me","https://www.hostelworld.com/hosteldetails.php/Hostel-Stand-By-Me/Fukuoka/281155",8.7,"CA$59.51","0km from city centre  - Show on Map"
"394","B&C Gakubuchi","https://www.hostelworld.com/hosteldetails.php/B-and-C-Gakubuchi/Fukuoka/290680",9.5,"CA$47.61","0km from city centre  - Show on Map"
"395","Fukuoka Guesthouse Little Asia Kokura","https://www.hostelworld.com/hosteldetails.php/Fukuoka-Guesthouse-Little-Asia-Kokura/Fukuoka/85975",8.2,"CA$23.81","0km from city centre  - Show on Map"
"396","Bed Stock","https://www.hostelworld.com/hosteldetails.php/Bed-Stock/Fukuoka/282684",7.7,"CA$29.76","0km from city centre  - Show on Map"
"397","The Gate Hostel","https://www.hostelworld.com/hosteldetails.php/The-Gate-Hostel/Fukuoka/291890",8.6,"CA$17.62","0km from city centre  - Show on Map"
"398","Guest House Hokorobi","https://www.hostelworld.com/hosteldetails.php/Guest-House-Hokorobi/Fukuoka/82863",9.4,"CA$28.57","0km from city centre  - Show on Map"
"399","Trip Pod Fukuoka - snack & bed -","https://www.hostelworld.com/hosteldetails.php/Trip-Pod-Fukuoka-snack-and-bed-/Fukuoka/290589",9.1,"CA$39.28","0km from city centre  - Show on Map"
"400","Book And Bed Tokyo Fukuoka","https://www.hostelworld.com/hosteldetails.php/Book-And-Bed-Tokyo-Fukuoka/Fukuoka/281397",6.6,"CA$51.42","0km from city centre  - Show on Map"
"401","Norishico Auto Guesthouse","https://www.hostelworld.com/hosteldetails.php/Norishico-Auto-Guesthouse/Fukuoka/271584",10,"CA$33.33","0km from city centre  - Show on Map"
"402","HATAGO tenjin","https://www.hostelworld.com/hosteldetails.php/HATAGO-tenjin/Fukuoka/278000",7.1,"CA$29.76","0km from city centre  - Show on Map"
"403","Guest House Kaine","https://www.hostelworld.com/hosteldetails.php/Guest-House-Kaine/Fukuoka/32566",9,"CA$29.76","0km from city centre  - Show on Map"
"404","Harborside Guest House MINATO","https://www.hostelworld.com/hosteldetails.php/Harborside-Guest-House-MINATO/Fukuoka/273884",9.1,"CA$29.76","0km from city centre  - Show on Map"
"405","Iikane Palette","https://www.hostelworld.com/hosteldetails.php/Iikane-Palette/Fukuoka/278294",0,"CA$11902.76","0km from city centre  - Show on Map"
"406","Hostel & Dining Tanga Table","https://www.hostelworld.com/hosteldetails.php/Hostel-and-Dining-Tanga-Table/Fukuoka/100930",0,"CA$33.33","0km from city centre  - Show on Map"
